Name,formula,charge,Curation of Metabolite Formula
10fthf_c,C20H21N7O7,-2,Preserved from Nmb_iTM560
12dgr120_c,C27H52O5,0,Preserved from Nmb_iTM560
12dgr120_p,C27H52O5,0,Preserved from Nmb_iTM560
12dgr140_c,C31H60O5,0,Preserved from Nmb_iTM560
12dgr140_p,C31H60O5,0,Preserved from Nmb_iTM560
12dgr141_c,C31H56O5,0,Preserved from Nmb_iTM560
12dgr141_p,C31H56O5,0,Preserved from Nmb_iTM560
12dgr160_c,C35H68O5,0,Preserved from Nmb_iTM560
12dgr160_p,C35H68O5,0,Preserved from Nmb_iTM560
12dgr161_c,C35H64O5,0,Preserved from Nmb_iTM560
12dgr161_p,C35H64O5,0,Preserved from Nmb_iTM560
12dgr180_c,C39H76O5,0,Preserved from Nmb_iTM560
12dgr180_p,C39H76O5,0,Preserved from Nmb_iTM560
12dgr181_c,C39H72O5,0,Preserved from Nmb_iTM560
12dgr181_p,C39H72O5,0,Preserved from Nmb_iTM560
13dpg_c,C3H4O10P2,-4,Preserved from Nmb_iTM560
15dap_e,C5H16N2,2,Preserved from Nmb_iTM560
15dap_p,C5H16N2,2,Preserved from Nmb_iTM560
1ddecg3p_c,C15H29O7P1,-2,Preserved from Nmb_iTM560
1hdec9eg3p_c,C19H35O7P1,-2,Added to iNgo_558 from BIGG
1hdecg3p_c,C19H37O7P1,-2,Preserved from Nmb_iTM560
1hdect9eg3p_c,C19H35O7P1,-2,Preserved from Nmb_iTM560
1odec11eg3p_c,C21H39O7P,-2,Added to iNgo_558 from BIGG
1odec7eg3p_c,C21H39O7P1,-2,Preserved from Nmb_iTM560
1odecg3p_c,C21H41O7P1,-2,Preserved from Nmb_iTM560
1p3h5c_c,C5H7NO3,0,Preserved from Nmb_iTM560
1p3h5c_e,C5H7NO3,0,Preserved from Nmb_iTM560
1pyr5c_c,C5H6NO2,-1,Preserved from Nmb_iTM560
1tdec7eg3p_c,C17H31O7P1,-2,Preserved from Nmb_iTM560
1tdecg3p_c,C17H33O7P1,-2,Preserved from Nmb_iTM560
23dhdp_c,C7H5NO4,-2,Preserved from Nmb_iTM560
23dhmb_c,C5H9O4,-1,Preserved from Nmb_iTM560
23dhmp_c,C6H11O4,-1,Preserved from Nmb_iTM560
25aics_c,C13H15N4O12P,-4,Preserved from Nmb_iTM560
25drapp_c,C9H14N5O8P,-2,Preserved from Nmb_iTM560
26dap_LL_c,C7H14N2O4,0,Preserved from Nmb_iTM560
26dap_M_c,C7H14N2O4,0,Preserved from Nmb_iTM560
2agpe120_c,C17H36NO7P1,0,Preserved from Nmb_iTM560
2agpe120_p,C17H36NO7P1,0,Preserved from Nmb_iTM560
2agpe140_c,C19H40NO7P1,0,Preserved from Nmb_iTM560
2agpe140_p,C19H40NO7P1,0,Preserved from Nmb_iTM560
2agpe141_c,C19H38NO7P1,0,Preserved from Nmb_iTM560
2agpe141_p,C19H38NO7P1,0,Preserved from Nmb_iTM560
2agpe160_c,C21H44NO7P1,0,Preserved from Nmb_iTM560
2agpe160_p,C21H44NO7P1,0,Preserved from Nmb_iTM560
2agpe161_c,C21H42NO7P1,0,Preserved from Nmb_iTM560
2agpe161_p,C21H42NO7P1,0,Preserved from Nmb_iTM560
2agpe180_c,C23H48NO7P1,0,Preserved from Nmb_iTM560
2agpe180_p,C23H48NO7P1,0,Preserved from Nmb_iTM560
2agpe181_c,C23H46NO7P1,0,Preserved from Nmb_iTM560
2agpe181_p,C23H46NO7P1,0,Preserved from Nmb_iTM560
2agpg120_c,C18H36O9P1,-1,Preserved from Nmb_iTM560
2agpg120_p,C18H36O9P1,-1,Preserved from Nmb_iTM560
2agpg140_c,C20H40O9P1,-1,Preserved from Nmb_iTM560
2agpg140_p,C20H40O9P1,-1,Preserved from Nmb_iTM560
2agpg141_c,C20H38O9P1,-1,Preserved from Nmb_iTM560
2agpg141_p,C20H38O9P1,-1,Preserved from Nmb_iTM560
2agpg160_c,C22H44O9P1,-1,Preserved from Nmb_iTM560
2agpg160_p,C22H44O9P1,-1,Preserved from Nmb_iTM560
2agpg161_c,C22H42O9P1,-1,Preserved from Nmb_iTM560
2agpg161_p,C22H42O9P1,-1,Preserved from Nmb_iTM560
2agpg180_c,C24H48O9P1,-1,Preserved from Nmb_iTM560
2agpg180_p,C24H48O9P1,-1,Preserved from Nmb_iTM560
2agpg181_c,C24H46O9P1,-1,Preserved from Nmb_iTM560
2agpg181_p,C24H46O9P1,-1,Preserved from Nmb_iTM560
2ahbut_c,C6H9O4,-1,Preserved from Nmb_iTM560
2amsa_c,C3H5NO3,0,Preserved from Nmb_iTM560
2aobut_c,C4H7NO3,0,Preserved from Nmb_iTM560
2cpr5p_c,C12H13NO9P,-3,Preserved from Nmb_iTM560
2dda7p_c,C7H10O10P,-3,Preserved from Nmb_iTM560
2ddecg3p_c,C15H30O7P1,-1,Preserved from Nmb_iTM560
2ddecg3p_p,C15H30O7P1,-1,Preserved from Nmb_iTM560
2ddg6p_c,C6H8O9P,-3,Preserved from Nmb_iTM560
2ddglcn_e,C6H9O6,-1,Preserved from Nmb_iTM560
2ddglcn_p,C6H9O6,-1,Preserved from Nmb_iTM560
2dh3dgal6p_c,C6H8O9P,-3,Preserved from Nmb_iTM560
2dhp_c,C6H9O4,-1,Preserved from Nmb_iTM560
2hdecg3p_c,C19H38O7P1,-1,Preserved from Nmb_iTM560
2hdecg3p_p,C19H38O7P1,-1,Preserved from Nmb_iTM560
2hdect9g3p_c,C19H36O7P1,-1,Preserved from Nmb_iTM560
2hdect9g3p_p,C19H36O7P1,-1,Preserved from Nmb_iTM560
2ippm_c,C7H8O4,-2,Preserved from Nmb_iTM560
2mahmp_c,C6H8N3O7P2,-3,Preserved from Nmb_iTM560
2mcit_c,C7H7O7,-3,Preserved from Nmb_iTM560
2me4p_c,C5H11O7P,-2,Preserved from Nmb_iTM560
2mecdp_c,C5H10O9P2,-2,Preserved from Nmb_iTM560
2obut_c,C4H5O3,-1,Preserved from Nmb_iTM560
2odec7eg3p_c,C21H40O7P1,-1,Preserved from Nmb_iTM560
2odec7eg3p_p,C21H40O7P1,-1,Preserved from Nmb_iTM560
2odecg3p_c,C21H42O7P1,-1,Preserved from Nmb_iTM560
2odecg3p_p,C21H42O7P1,-1,Preserved from Nmb_iTM560
2ohph_c,C46H70O2,0,Preserved from Nmb_iTM560
2ombzl_c,C47H72O3,0,Preserved from Nmb_iTM560
2omhmbl_c,C48H74O4,0,Preserved from Nmb_iTM560
2ommbl_c,C48H74O3,0,Preserved from Nmb_iTM560
2omph_c,C47H72O2,0,Preserved from Nmb_iTM560
2oph_c,C46H70O,0,Preserved from Nmb_iTM560
2p4c2me_c,C14H22N3O17P3,-4,Preserved from Nmb_iTM560
2pg_c,C3H4O7P,-3,Preserved from Nmb_iTM560
2pglyc_c,C2H2O6P,-3,Preserved from Nmb_iTM560
2tdec7eg3p_c,C17H32O7P1,-1,Preserved from Nmb_iTM560
2tdec7eg3p_p,C17H32O7P1,-1,Preserved from Nmb_iTM560
2tdecg3p_c,C17H34O7P1,-1,Preserved from Nmb_iTM560
2tdecg3p_p,C17H34O7P1,-1,Preserved from Nmb_iTM560
34dhpac_e,C8H8O3,0,Preserved from Nmb_iTM560
34dhpac_p,C8H8O3,0,Preserved from Nmb_iTM560
34dhpha_c,C8H7O4,0,Added to iNgo_558 from BIGG
34hpp_c,C9H7O4,-1,Preserved from Nmb_iTM560
3amp_e,C10H12N5O7P,-2,Preserved from Nmb_iTM560
3amp_p,C10H12N5O7P,-2,Preserved from Nmb_iTM560
3c2hmp_c,C7H10O5,-2,Preserved from Nmb_iTM560
3c3hmp_c,C7H10O5,-2,Preserved from Nmb_iTM560
3c4mop_c,C7H8O5,-2,Preserved from Nmb_iTM560
3cmp_e,C9H12N3O8P,-2,Preserved from Nmb_iTM560
3cmp_p,C9H12N3O8P,-2,Preserved from Nmb_iTM560
3dhq_c,C7H9O6,-1,Preserved from Nmb_iTM560
3dhsk_c,C7H7O5,-1,Preserved from Nmb_iTM560
3haACP_c,C15H27N2O9PRS,-1,Preserved from Nmb_iTM560
3hcddec5eACP_c,C23H41N2O9PRS,-1,Preserved from Nmb_iTM560
3hcinnm_e,C9H7O3,-1,Preserved from Nmb_iTM560
3hcinnm_p,C9H7O3,-1,Preserved from Nmb_iTM560
3hcmrs7eACP_c,C25H45N2O9PRS,-1,Preserved from Nmb_iTM560
3hcpalm5eACP_c,C27H49N2O9PRS,-1,Added to iNgo_558 from BIGG
3hcpalm9eACP_c,C27H49N2O9PRS,-1,Preserved from Nmb_iTM560
3hcvac7eACP_c,C29H53N2O9PRS,-1,Preserved from Nmb_iTM560
3hddecACP_c,C23H43N2O9PRS,-1,Preserved from Nmb_iTM560
3hdecACP_c,C21H39N2O9PRS,-1,Preserved from Nmb_iTM560
3hhexACP_c,C17H31N2O9PRS,-1,Preserved from Nmb_iTM560
3hmrsACP_c,C25H47N2O9PRS,-1,Preserved from Nmb_iTM560
3hoctaACP_c,C29H55N2O9PRS,-1,Preserved from Nmb_iTM560
3hoctACP_c,C19H35N2O9PRS,-1,Preserved from Nmb_iTM560
3hpalmACP_c,C27H51N2O9PRS,-1,Preserved from Nmb_iTM560
3hpppn_e,C9H9O3,-1,Preserved from Nmb_iTM560
3hpppn_p,C9H9O3,-1,Preserved from Nmb_iTM560
3ig3p_c,C11H12NO6P,-2,Preserved from Nmb_iTM560
3mob_c,C5H7O3,-1,Preserved from Nmb_iTM560
3mop_c,C6H9O3,-1,Preserved from Nmb_iTM560
3ocddec5eACP_c,C23H39N2O9PRS,-1,Preserved from Nmb_iTM560
3ocmrs7eACP_c,C25H43N2O9PRS,-1,Preserved from Nmb_iTM560
3ocpalm5eACP_c,C27H47N2O9PRS,-1,Preserved from Nmb_iTM560
3ocpalm9eACP_c,C27H47N2O9PRS,-1,Preserved from Nmb_iTM560
3ocvac7eACP_c,C29H51N2O9PRS,-1,Preserved from Nmb_iTM560
3oddecACP_c,C23H41N2O9PRS,-1,Preserved from Nmb_iTM560
3odecACP_c,C21H37N2O9PRS,-1,Preserved from Nmb_iTM560
3ohexACP_c,C17H29N2O9PRS,-1,Preserved from Nmb_iTM560
3omrsACP_c,C25H45N2O9PRS,-1,Preserved from Nmb_iTM560
3ooctACP_c,C19H33N2O9PRS,-1,Preserved from Nmb_iTM560
3ooctdACP_c,C29H53N2O9PRS,-1,Preserved from Nmb_iTM560
3opalmACP_c,C27H49N2O9PRS,-1,Preserved from Nmb_iTM560
3ophb_c,C47H69O3,-1,Preserved from Nmb_iTM560
3pg_c,C3H4O7P,-3,Preserved from Nmb_iTM560
3php_c,C3H2O7P,-3,Preserved from Nmb_iTM560
3psme_c,C10H9O10P,-4,Preserved from Nmb_iTM560
3ump_e,C9H11N2O9P,-2,Preserved from Nmb_iTM560
3ump_p,C9H11N2O9P,-2,Preserved from Nmb_iTM560
4abut_e,C4H9NO2,0,Preserved from Nmb_iTM560
4abut_p,C4H9NO2,0,Preserved from Nmb_iTM560
4abz_c,C7H6NO2,-1,Preserved from Nmb_iTM560
4adcho_c,C10H10NO5,-1,Preserved from Nmb_iTM560
4ahmmp_c,C6H9N3O,0,Preserved from Nmb_iTM560
4ampm_c,C6H8N3O4P,-2,Preserved from Nmb_iTM560
4c2me_c,C14H23N3O14P2,-2,Preserved from Nmb_iTM560
4h2oglt_c,C5H4O6,-2,Changed from Nmb_iTM560
4hba_c,C7H8O2,0,Preserved from Nmb_iTM560
4hbz_c,C7H5O3,-1,Preserved from Nmb_iTM560
4hoxpacd_e,C8H8O2,0,Preserved from Nmb_iTM560
4hoxpacd_p,C8H8O2,0,Preserved from Nmb_iTM560
4hphac_c,C8H7O3,0,Added to iNgo_558 from BIGG
4hpro_LT_c,C5H9NO3,0,Preserved from Nmb_iTM560
4hthr_c,C4H9NO4,0,Preserved from Nmb_iTM560
4mop_c,C6H9O3,-1,Preserved from Nmb_iTM560
4mpetz_c,C6H8NO4PS,-2,Preserved from Nmb_iTM560
4pasp_c,C4H6NO7P,-2,Preserved from Nmb_iTM560
4per_c,C4H6O8P,-3,Preserved from Nmb_iTM560
4ppan_c,C9H15NO8P,-3,Preserved from Nmb_iTM560
4ppcys_c,C12H20N2O9PS,-3,Preserved from Nmb_iTM560
4r5au_c,C9H16N4O6,0,Preserved from Nmb_iTM560
5aizc_c,C9H11N3O9P,-3,Preserved from Nmb_iTM560
5aop_c,C5H9NO3,0,Preserved from Nmb_iTM560
5aprbu_c,C9H15N4O9P,-2,Preserved from Nmb_iTM560
5apru_c,C9H13N4O9P,-2,Preserved from Nmb_iTM560
5caiz_c,C9H11N3O9P,-3,Preserved from Nmb_iTM560
5dglcn_e,C6H9O7,-1,Preserved from Nmb_iTM560
5dglcn_p,C6H9O7,-1,Preserved from Nmb_iTM560
5drib_c,C5H10O4,0,Preserved from Nmb_iTM560
5fthf_c,C20H21N7O7,-2,Added to iNgo_558 from BIGG
5mcsn_c,C5H7N3O,0,Added to iNgo_558 from BIGG
5mta_c,C11H15N5O3S,0,Preserved from Nmb_iTM560
5mthf_c,C20H23N7O6,-2,Added to iNgo_558 from BIGG
5mtr_c,C6H12O4S,0,Preserved from Nmb_iTM560
6hmhpt_c,C7H9N5O2,0,Preserved from Nmb_iTM560
6hmhptpp_c,C7H8N5O8P2,-3,Preserved from Nmb_iTM560
6pgc_c,C6H10O10P,-3,Preserved from Nmb_iTM560
6pgl_c,C6H9O9P,-2,Preserved from Nmb_iTM560
6pthp_c,C9H11N5O3,0,Added to iNgo_558 from BIGG
8aonn_c,C9H17NO3,0,Preserved from Nmb_iTM560
ac_c,C2H3O2,-1,Preserved from Nmb_iTM560
ac_e,C2H3O2,-1,Preserved from Nmb_iTM560
ac_p,C2H3O2,-1,Preserved from Nmb_iTM560
acac_e,C4H5O3,-1,Preserved from Nmb_iTM560
acac_p,C4H5O3,-1,Preserved from Nmb_iTM560
acACP_c,C13H23N2O8PRS,-1,Preserved from Nmb_iTM560
acald_c,C2H4O,0,Preserved from Nmb_iTM560
accoa_c,C23H34N7O17P3S,-4,Preserved from Nmb_iTM560
acg5p_c,C7H9NO8P,-3,Preserved from Nmb_iTM560
acg5sa_c,C7H10NO4,-1,Preserved from Nmb_iTM560
acgal_e,C8H15NO6,0,Preserved from Nmb_iTM560
acgal_p,C8H15NO6,0,Preserved from Nmb_iTM560
acgam_c,C8H15NO6,0,Preserved from Nmb_iTM560
acgam_e,C8H15NO6,0,Preserved from Nmb_iTM560
acgam_p,C8H15NO6,0,Preserved from Nmb_iTM560
acgam1p_c,C8H14NO9P,-2,Preserved from Nmb_iTM560
acgam1p_e,C8H14NO9P,-2,Preserved from Nmb_iTM560
acgam1p_p,C8H14NO9P,-2,Preserved from Nmb_iTM560
acglu_c,C7H9NO5,-2,Preserved from Nmb_iTM560
achms_c,C6H11NO4,0,Preserved from Nmb_iTM560
acmana_e,C8H15NO6,0,Preserved from Nmb_iTM560
acmana_p,C8H15NO6,0,Preserved from Nmb_iTM560
acmum_e,C11H18NO8,-1,Preserved from Nmb_iTM560
acmum_p,C11H18NO8,-1,Preserved from Nmb_iTM560
acmum6p_c,C11H17NO11P,-3,Preserved from Nmb_iTM560
acon_C_c,C6H3O6,-3,Preserved from Nmb_iTM560
acon_T_c,C6H3O6,-3,Preserved from Nmb_iTM560
acorn_c,C7H14N2O3,0,Preserved from Nmb_iTM560
ACP_c,C11H21N2O7PRS,-1,Preserved from Nmb_iTM560
acser_c,C5H9NO4,0,Preserved from Nmb_iTM560
acser_e,C5H9NO4,0,Preserved from Nmb_iTM560
acser_p,C5H9NO4,0,Preserved from Nmb_iTM560
actACP_c,C15H25N2O9PRS,-1,Preserved from Nmb_iTM560
actn__R_c,C4H8O2,0,Added to iNgo_558 from BIGG
actp_c,C2H3O5P,-2,Preserved from Nmb_iTM560
ade_c,C5H5N5,0,Preserved from Nmb_iTM560
ade_e,C5H5N5,0,Preserved from Nmb_iTM560
ade_p,C5H5N5,0,Preserved from Nmb_iTM560
adn_c,C10H13N5O4,0,Preserved from Nmb_iTM560
adp_c,C10H12N5O10P2,-3,Preserved from Nmb_iTM560
adphep_DD_c,C17H25N5O16P2,-2,Preserved from Nmb_iTM560
adphep_LD_c,C17H25N5O16P2,-2,Preserved from Nmb_iTM560
ag_c,Ag,1,Preserved from Nmb_iTM560
ag_e,Ag,1,Preserved from Nmb_iTM560
agm_c,C5H16N4,2,Preserved from Nmb_iTM560
agm_e,C5H16N4,2,Preserved from Nmb_iTM560
agm_p,C5H16N4,2,Preserved from Nmb_iTM560
ahcys_c,C14H20N6O5S,0,Preserved from Nmb_iTM560
ahdt_c,C9H12N5O13P3,-4,Preserved from Nmb_iTM560
aicar_c,C9H13N4O8P,-2,Preserved from Nmb_iTM560
air_c,C8H12N3O7P,-2,Preserved from Nmb_iTM560
akg_c,C5H4O5,-2,Preserved from Nmb_iTM560
akg_e,C5H4O5,-2,Preserved from Nmb_iTM560
akg_p,C5H4O5,-2,Preserved from Nmb_iTM560
ala_B_c,C3H7NO2,0,Preserved from Nmb_iTM560
ala_B_e,C3H7NO2,0,Preserved from Nmb_iTM560
ala_B_p,C3H7NO2,0,Preserved from Nmb_iTM560
ala_D_c,C3H7NO2,0,Preserved from Nmb_iTM560
ala_D_e,C3H7NO2,0,Preserved from Nmb_iTM560
ala_D_p,C3H7NO2,0,Preserved from Nmb_iTM560
ala_L_c,C3H7NO2,0,Preserved from Nmb_iTM560
ala_L_e,C3H7NO2,0,Preserved from Nmb_iTM560
ala_L_p,C3H7NO2,0,Preserved from Nmb_iTM560
alaala_c,C6H12N2O3,0,Preserved from Nmb_iTM560
alaala_e,C6H12N2O3,0,Preserved from Nmb_iTM560
alaala_p,C6H12N2O3,0,Preserved from Nmb_iTM560
alac_S_c,C5H7O4,-1,Preserved from Nmb_iTM560
all_D_e,C6H12O6,0,Preserved from Nmb_iTM560
all_D_p,C6H12O6,0,Preserved from Nmb_iTM560
alltn_e,C4H6N4O3,0,Preserved from Nmb_iTM560
alltn_p,C4H6N4O3,0,Preserved from Nmb_iTM560
amet_c,C15H23N6O5S,1,Preserved from Nmb_iTM560
ametam_c,C14H24N6O3S,2,Preserved from Nmb_iTM560
amob_c,C15H19N5O6S,0,Preserved from Nmb_iTM560
amp_c,C10H12N5O7P,-2,Preserved from Nmb_iTM560
amp_e,C10H12N5O7P,-2,Preserved from Nmb_iTM560
amp_p,C10H12N5O7P,-2,Preserved from Nmb_iTM560
anhgm_c,C19H29N2O12,-1,Preserved from Nmb_iTM560
anhgm_e,C19H29N2O12,-1,Preserved from Nmb_iTM560
anhgm_p,C19H29N2O12,-1,Preserved from Nmb_iTM560
anhgm3p_c,C34H52N6O19,-2,Preserved from Nmb_iTM560
anhgm3p_p,C34H52N6O19,-2,Preserved from Nmb_iTM560
anhgm4p_c,C37H57N7O20,-2,Preserved from Nmb_iTM560
anhgm4p_p,C37H57N7O20,-2,Preserved from Nmb_iTM560
anhm_c,C11H16NO7,-1,Preserved from Nmb_iTM560
anhm3p_c,C26H39N5O14,-2,Preserved from Nmb_iTM560
anhm4p_c,C29H44N6O15,-2,Preserved from Nmb_iTM560
anth_c,C7H6NO2,-1,Preserved from Nmb_iTM560
ap4a_c,C20H24N10O19P4,-4,Added to iNgo_558 from BIGG
apoACP_c,HOR,0,Added to iNgo_558 from BIGG
ara5p_c,C5H9O8P,-2,Preserved from Nmb_iTM560
arab_L_e,C5H10O5,0,Preserved from Nmb_iTM560
arab_L_p,C5H10O5,0,Preserved from Nmb_iTM560
arg_L_c,C6H15N4O2,1,Preserved from Nmb_iTM560
arg_L_e,C6H15N4O2,1,Preserved from Nmb_iTM560
arg_L_p,C6H15N4O2,1,Preserved from Nmb_iTM560
argsuc_c,C10H17N4O6,-1,Preserved from Nmb_iTM560
ascb_L_e,C6H8O6,0,Preserved from Nmb_iTM560
ascb_L_p,C6H8O6,0,Preserved from Nmb_iTM560
asn_L_c,C4H8N2O3,0,Preserved from Nmb_iTM560
asn_L_e,C4H8N2O3,0,Preserved from Nmb_iTM560
asn_L_p,C4H8N2O3,0,Preserved from Nmb_iTM560
aso3_e,AsO3,-3,Preserved from Nmb_iTM560
aso3_p,AsO3,-3,Preserved from Nmb_iTM560
asp_L_c,C4H6NO4,-1,Preserved from Nmb_iTM560
asp_L_e,C4H6NO4,-1,Preserved from Nmb_iTM560
asp_L_p,C4H6NO4,-1,Preserved from Nmb_iTM560
aspsa_c,C4H7NO3,0,Preserved from Nmb_iTM560
athr_L_c,C4H9NO3,0,Preserved from Nmb_iTM560
atp_c,C10H12N5O13P3,-4,Preserved from Nmb_iTM560
biliverd_c,C33H33N4O6,0,Added to iNgo_558 from BIGG
biomass,,0,Manually recreated biomass equation for Gc specific biomass production
btd_RR_c,C4H10O2,0,Added to iNgo_558 from BIGG
btn_c,C10H15N2O3S,-1,Preserved from Nmb_iTM560
but_e,C4H7O2,-1,Preserved from Nmb_iTM560
but_p,C4H7O2,-1,Preserved from Nmb_iTM560
but2eACP_c,C15H25N2O8PRS,-1,Preserved from Nmb_iTM560
butACP_c,C15H27N2O8PRS,-1,Preserved from Nmb_iTM560
butso3_e,C4H9O3S,-1,Preserved from Nmb_iTM560
butso3_p,C4H9O3S,-1,Preserved from Nmb_iTM560
ca2_c,Ca,2,Preserved from Nmb_iTM560
ca2_e,Ca,2,Preserved from Nmb_iTM560
ca2_p,Ca,2,Preserved from Nmb_iTM560
cbasp_c,C5H6N2O5,-2,Preserved from Nmb_iTM560
cbp_c,CH2NO5P,-2,Preserved from Nmb_iTM560
cd2_c,Cd,2,Preserved from Nmb_iTM560
cd2_e,Cd,2,Preserved from Nmb_iTM560
cd2_p,Cd,2,Preserved from Nmb_iTM560
cddec5eACP_c,C23H41N2O8PRS,-1,Preserved from Nmb_iTM560
cdec3eACP_c,C21H37N2O8PRS,-1,Preserved from Nmb_iTM560
cdg_c,C7H5N4O3,-1,Added to iNgo_558 from BIGG
cdp_c,C9H12N3O11P2,-3,Preserved from Nmb_iTM560
cdp161_c,C44H75N3O15P2,-2,Added to iNgo_558 from BIGG
cdpdddecg_c,C36H63N3O15P2,-2,Preserved from Nmb_iTM560
cdpdhdecg_c,C44H79N3O15P2,-2,Preserved from Nmb_iTM560
cdpdodec7eg_c,C48H83N3O15P2,-2,Preserved from Nmb_iTM560
cdpdodecg_c,C48H87N3O15P2,-2,Preserved from Nmb_iTM560
cdpdtdec7eg_c,C40H67N3O15P2,-2,Preserved from Nmb_iTM560
cdpdtdecg_c,C40H71N3O15P2,-2,Preserved from Nmb_iTM560
cgly_c,C5H10N2O3S,0,Preserved from Nmb_iTM560
cgly_e,C5H10N2O3S,0,Preserved from Nmb_iTM560
cgly_p,C5H10N2O3S,0,Preserved from Nmb_iTM560
chol_c,C5H14NO,1,Preserved from Nmb_iTM560
chol_e,C5H14NO,1,Preserved from Nmb_iTM560
chol_p,C5H14NO,1,Preserved from Nmb_iTM560
chor_c,C10H8O6,-2,Preserved from Nmb_iTM560
cit_c,C6H5O7,-3,Preserved from Nmb_iTM560
cit_e,C6H5O7,-3,Preserved from Nmb_iTM560
cit_p,C6H5O7,-3,Preserved from Nmb_iTM560
citr_L_c,C6H13N3O3,0,Preserved from Nmb_iTM560
ckdo_c,C17H24N3O15P,-2,Preserved from Nmb_iTM560
cl_c,Cl,-1,Preserved from Nmb_iTM560
cl_e,Cl,-1,Preserved from Nmb_iTM560
cl_p,Cl,-1,Preserved from Nmb_iTM560
clpn120_p,C57H108O17P2,-2,Added to iNgo_558 from BIGG
clpn140_p,C65H124O17P2,-2,Added to iNgo_558 from BIGG
clpn141_p,C65H116O17P2,-2,Added to iNgo_558 from BIGG
clpn160_p,C73H140O17P2,-2,Added to iNgo_558 from BIGG
clpn161_p,C73H132O17P2,-2,Added to iNgo_558 from BIGG
clpn180_p,C81H156O17P2,-2,Added to iNgo_558 from BIGG
clpn181_p,C81H148O17P2,-2,Added to iNgo_558 from BIGG
cmp_c,C9H12N3O8P,-2,Preserved from Nmb_iTM560
cmp_e,C9H12N3O8P,-2,Preserved from Nmb_iTM560
cmp_p,C9H12N3O8P,-2,Preserved from Nmb_iTM560
cmpacna_c,C20H30N4O16P,-2,Preserved from Nmb_iTM560
cmrs3eACP_c,C25H45N2O8PRS,-1,Preserved from Nmb_iTM560
co_c,CO,0,Preserved from Nmb_iTM560
co_e,CO,0,Preserved from Nmb_iTM560
co_p,CO,0,Preserved from Nmb_iTM560
co2_c,CO2,0,Preserved from Nmb_iTM560
co2_e,CO2,0,Preserved from Nmb_iTM560
co2_p,CO2,0,Preserved from Nmb_iTM560
coa_c,C21H32N7O16P3S,-4,Preserved from Nmb_iTM560
cobalt2_c,Co,2,Preserved from Nmb_iTM560
cobalt2_e,Co,2,Preserved from Nmb_iTM560
cobalt2_p,Co,2,Preserved from Nmb_iTM560
colipa_e,C176H303N2O100P4,-11,Preserved from Nmb_iTM560
cph4_c,C7H8N5O3,-1,Added to iNgo_558 from BIGG
cpppg3_c,C36H40N4O8,-4,Preserved from Nmb_iTM560
crn_e,C7H15NO3,0,Preserved from Nmb_iTM560
crn_p,C7H15NO3,0,Preserved from Nmb_iTM560
csn_c,C4H5N3O,0,Preserved from Nmb_iTM560
csn_e,C4H5N3O,0,Preserved from Nmb_iTM560
csn_p,C4H5N3O,0,Preserved from Nmb_iTM560
ctp_c,C9H12N3O14P3,-4,Preserved from Nmb_iTM560
cu_c,Cu,1,Preserved from Nmb_iTM560
cu_e,Cu,1,Preserved from Nmb_iTM560
cu_p,Cu,1,Preserved from Nmb_iTM560
cu2_c,Cu,2,Preserved from Nmb_iTM560
cu2_e,Cu,2,Preserved from Nmb_iTM560
cu2_p,Cu,2,Preserved from Nmb_iTM560
cyan_e,CHN,0,Preserved from Nmb_iTM560
cyan_p,CHN,0,Preserved from Nmb_iTM560
cynt_e,CNO,-1,Preserved from Nmb_iTM560
cynt_p,CNO,-1,Preserved from Nmb_iTM560
cys_D_e,C3H7NO2S,0,Preserved from Nmb_iTM560
cys_D_p,C3H7NO2S,0,Preserved from Nmb_iTM560
cys_L_c,C3H7NO2S,0,Preserved from Nmb_iTM560
cys_L_e,C3H7NO2S,0,Preserved from Nmb_iTM560
cys_L_p,C3H7NO2S,0,Preserved from Nmb_iTM560
cyst_L_c,C7H14N2O4S,0,Preserved from Nmb_iTM560
cystine_L_c,C6H12N2O4S2,0,Added to iNgo_558 from BIGG
cystine_L_e,C6H12N2O4S2,0,Added to iNgo_558 from BIGG
cystine_L_p,C6H12N2O4S2,0,Added to iNgo_558 from BIGG
cytd_c,C9H13N3O5,0,Preserved from Nmb_iTM560
cytd_e,C9H13N3O5,0,Preserved from Nmb_iTM560
cytd_p,C9H13N3O5,0,Preserved from Nmb_iTM560
dad_2_c,C10H13N5O3,0,Preserved from Nmb_iTM560
dad_5_c,C10H13N5O3,0,Preserved from Nmb_iTM560
dadp_c,C10H12N5O9P2,-3,Preserved from Nmb_iTM560
damp_c,C10H12N5O6P,-2,Preserved from Nmb_iTM560
damp_e,C10H12N5O6P,-2,Preserved from Nmb_iTM560
damp_p,C10H12N5O6P,-2,Preserved from Nmb_iTM560
dann_c,C9H21N2O2,1,Preserved from Nmb_iTM560
datp_c,C10H12N5O12P3,-4,Preserved from Nmb_iTM560
db4p_c,C4H7O6P,-2,Preserved from Nmb_iTM560
dca_e,C10H19O2,-1,Preserved from Nmb_iTM560
dca_p,C10H19O2,-1,Preserved from Nmb_iTM560
dcaACP_c,C21H39N2O8PRS,-1,Preserved from Nmb_iTM560
dcacoa_c,C31H50N7O17P3S,-4,Preserved from Nmb_iTM560
dcamp_c,C14H14N5O11P,-4,Preserved from Nmb_iTM560
dcdp_c,C9H12N3O10P2,-3,Preserved from Nmb_iTM560
dcmp_c,C9H12N3O7P,-2,Preserved from Nmb_iTM560
dcmp_e,C9H12N3O7P,-2,Preserved from Nmb_iTM560
dcmp_p,C9H12N3O7P,-2,Preserved from Nmb_iTM560
dctp_c,C9H12N3O13P3,-4,Preserved from Nmb_iTM560
dcyt_c,C9H13N3O4,0,Preserved from Nmb_iTM560
ddca_e,C12H23O2,-1,Preserved from Nmb_iTM560
ddca_p,C12H23O2,-1,Preserved from Nmb_iTM560
ddcaACP_c,C23H43N2O8PRS,-1,Preserved from Nmb_iTM560
ddcacoa_c,C33H54N7O17P3S,-4,Preserved from Nmb_iTM560
ddcap_c,C12H24O5P1,-1,Added to iNgo_558 from BIGG
dgdp_c,C10H12N5O10P2,-3,Preserved from Nmb_iTM560
dgmp_c,C10H12N5O7P,-2,Preserved from Nmb_iTM560
dgmp_e,C10H12N5O7P,-2,Preserved from Nmb_iTM560
dgmp_p,C10H12N5O7P,-2,Preserved from Nmb_iTM560
dgsn_c,C10H13N5O4,0,Preserved from Nmb_iTM560
dgsn_e,C10H13N5O4,0,Preserved from Nmb_iTM560
dgsn_p,C10H13N5O4,0,Preserved from Nmb_iTM560
dgtp_c,C10H12N5O13P3,-4,Preserved from Nmb_iTM560
dha_e,C3H6O3,0,Preserved from Nmb_iTM560
dha_p,C3H6O3,0,Preserved from Nmb_iTM560
dhap_c,C3H5O6P,-2,Preserved from Nmb_iTM560
dhap_e,C3H5O6P,-2,Added to iNgo_558 from BIGG
dhap_p,C3H5O6P,-2,Added to iNgo_558 from BIGG
dhf_c,C19H19N7O6,-2,Preserved from Nmb_iTM560
dhmptp_c,C9H12N5O13P3,-4,Preserved from Nmb_iTM560
dhnpt_c,C9H13N5O4,0,Preserved from Nmb_iTM560
dhor_S_c,C5H5N2O4,-1,Preserved from Nmb_iTM560
dhpmp_c,C9H12N5O7P,-2,Preserved from Nmb_iTM560
dhpt_c,C14H13N6O3,-1,Preserved from Nmb_iTM560
dhptd_c,C5H8O4,0,Preserved from Nmb_iTM560
didp_c,C10H11N4O10P2,-3,Added to iNgo_558 from BIGG
dimp_c,C10H11N4O7P,-2,Preserved from Nmb_iTM560
dimp_e,C10H11N4O7P,-2,Preserved from Nmb_iTM560
dimp_p,C10H11N4O7P,-2,Preserved from Nmb_iTM560
din_e,C10H12N4O4,0,Preserved from Nmb_iTM560
din_p,C10H12N4O4,0,Preserved from Nmb_iTM560
ditp_c,C10H11N4O13P3,-4,Preserved from Nmb_iTM560
dmlz_c,C13H18N4O6,0,Preserved from Nmb_iTM560
dmpp_c,C5H9O7P2,-3,Preserved from Nmb_iTM560
dms_e,C2H6S,0,Preserved from Nmb_iTM560
dms_p,C2H6S,0,Preserved from Nmb_iTM560
dmso_e,C2H6OS,0,Preserved from Nmb_iTM560
dmso_p,C2H6OS,0,Preserved from Nmb_iTM560
dnad_c,C21H24N6O15P2,-2,Preserved from Nmb_iTM560
dopa_e,C8H12NO2,1,Preserved from Nmb_iTM560
dopa_p,C8H12NO2,1,Preserved from Nmb_iTM560
dpcoa_c,C21H33N7O13P2S,-2,Preserved from Nmb_iTM560
dsbcox_p,X,0,Preserved from Nmb_iTM560
dsbcrd_p,XH2,0,Preserved from Nmb_iTM560
dsbdox_c,X,0,Preserved from Nmb_iTM560
dsbdrd_c,XH2,0,Preserved from Nmb_iTM560
dsbgox_p,X,0,Preserved from Nmb_iTM560
dsbgrd_p,XH2,0,Preserved from Nmb_iTM560
dscl_c,C42H41N4O16,-7,Preserved from Nmb_iTM560
dtbt_c,C10H17N2O3,-1,Preserved from Nmb_iTM560
dtdp_c,C10H13N2O11P2,-3,Preserved from Nmb_iTM560
dtdp4d6dg_c,C16H22N2O15P2,-2,Preserved from Nmb_iTM560
dtdp4d6dm_c,C16H22N2O15P2,-2,Preserved from Nmb_iTM560
dtdpglu_c,C16H24N2O16P2,-2,Preserved from Nmb_iTM560
dtdprmn_c,C16H24N2O15P2,-2,Preserved from Nmb_iTM560
dtmp_c,C10H13N2O8P,-2,Preserved from Nmb_iTM560
dtmp_e,C10H13N2O8P,-2,Preserved from Nmb_iTM560
dtmp_p,C10H13N2O8P,-2,Preserved from Nmb_iTM560
dttp_c,C10H13N2O14P3,-4,Preserved from Nmb_iTM560
dudp_c,C9H11N2O11P2,-3,Preserved from Nmb_iTM560
dump_c,C9H11N2O8P,-2,Preserved from Nmb_iTM560
dump_e,C9H11N2O8P,-2,Preserved from Nmb_iTM560
dump_p,C9H11N2O8P,-2,Preserved from Nmb_iTM560
dutp_c,C9H11N2O14P3,-4,Preserved from Nmb_iTM560
dxyl5p_c,C5H9O7P,-2,Preserved from Nmb_iTM560
e4hglu_c,C5H8NO5,-1,Added to iNgo_558 from BIGG
e4hglu_e,C5H9NO5,0,Preserved from Nmb_iTM560
e4p_c,C4H7O7P,-2,Preserved from Nmb_iTM560
eig3p_c,C6H9N2O6P,-2,Preserved from Nmb_iTM560
enlipa_e,C112H202N3O42P3,-6,Preserved from Nmb_iTM560
etha_e,C2H8NO,1,Preserved from Nmb_iTM560
etha_p,C2H8NO,1,Preserved from Nmb_iTM560
ethso3_e,C2H5O3S,-1,Preserved from Nmb_iTM560
ethso3_p,C2H5O3S,-1,Preserved from Nmb_iTM560
etoh_c,C2H6O,0,Preserved from Nmb_iTM560
etoh_e,C2H6O,0,Preserved from Nmb_iTM560
etoh_p,C2H6O,0,Preserved from Nmb_iTM560
f6p_c,C6H11O9P,-2,Preserved from Nmb_iTM560
f6p_e,C6H11O9P,-2,Preserved from Nmb_iTM560
f6p_p,C6H11O9P,-2,Preserved from Nmb_iTM560
fad_c,C27H31N9O15P2,-2,Preserved from Nmb_iTM560
fadh2_c,C27H33N9O15P2,-2,Preserved from Nmb_iTM560
fald_c,CH2O,0,Preserved from Nmb_iTM560
fald_e,CH2O,0,Preserved from Nmb_iTM560
fald_p,CH2O,0,Preserved from Nmb_iTM560
fdp_c,C6H10O12P2,-4,Preserved from Nmb_iTM560
fe2_c,Fe,2,Preserved from Nmb_iTM560
fe2_e,Fe,2,Preserved from Nmb_iTM560
fe2_p,Fe,2,Preserved from Nmb_iTM560
fe3_c,Fe,3,Preserved from Nmb_iTM560
fe3_e,Fe,3,Preserved from Nmb_iTM560
fe3_p,Fe,3,Preserved from Nmb_iTM560
fgam_c,C8H13N2O9P,-2,Preserved from Nmb_iTM560
ficytC_p,C42H44FeN8O8S2R4,3,Preserved from Nmb_iTM560
fmn_c,C17H19N4O9P,-2,Preserved from Nmb_iTM560
focytC_p,C42H44FeN8O8S2R4,2,Preserved from Nmb_iTM560
for_c,CH1O2,-1,Preserved from Nmb_iTM560
for_e,CH1O2,-1,Preserved from Nmb_iTM560
for_p,CH1O2,-1,Preserved from Nmb_iTM560
fpram_c,C8H15N3O8P,-1,Preserved from Nmb_iTM560
fprica_c,C10H13N4O9P,-2,Preserved from Nmb_iTM560
frdp_c,C15H25O7P2,-3,Preserved from Nmb_iTM560
fru_c,C6H12O6,0,Preserved from Nmb_iTM560
fru_e,C6H12O6,0,Preserved from Nmb_iTM560
fru_p,C6H12O6,0,Preserved from Nmb_iTM560
frulys_e,C12H25N2O7,1,Preserved from Nmb_iTM560
frulys_p,C12H25N2O7,1,Preserved from Nmb_iTM560
fruur_e,C6H9O7,-1,Preserved from Nmb_iTM560
fruur_p,C6H9O7,-1,Preserved from Nmb_iTM560
fuc_L_e,C6H12O5,0,Preserved from Nmb_iTM560
fuc_L_p,C6H12O5,0,Preserved from Nmb_iTM560
fum_c,C4H2O4,-2,Preserved from Nmb_iTM560
fum_e,C4H2O4,-2,Preserved from Nmb_iTM560
fum_p,C4H2O4,-2,Preserved from Nmb_iTM560
g1p_c,C6H11O9P,-2,Preserved from Nmb_iTM560
g1p_e,C6H11O9P,-2,Preserved from Nmb_iTM560
g1p_p,C6H11O9P,-2,Preserved from Nmb_iTM560
g3p_c,C3H5O6P,-2,Preserved from Nmb_iTM560
g3pc_e,C8H20NO6P,0,Preserved from Nmb_iTM560
g3pc_p,C8H20NO6P,0,Preserved from Nmb_iTM560
g3pe_e,C5H14NO6P,0,Preserved from Nmb_iTM560
g3pe_p,C5H14NO6P,0,Preserved from Nmb_iTM560
g3pg_e,C6H14O8P,-1,Preserved from Nmb_iTM560
g3pg_p,C6H14O8P,-1,Preserved from Nmb_iTM560
g3pi_e,C9H18O11P,-1,Preserved from Nmb_iTM560
g3pi_p,C9H18O11P,-1,Preserved from Nmb_iTM560
g3ps_e,C6H13NO8P,-1,Preserved from Nmb_iTM560
g3ps_p,C6H13NO8P,-1,Preserved from Nmb_iTM560
g6p_c,C6H11O9P,-2,Preserved from Nmb_iTM560
g6p_e,C6H11O9P,-2,Preserved from Nmb_iTM560
g6p_p,C6H11O9P,-2,Preserved from Nmb_iTM560
gal_bD_e,C6H12O6,0,Preserved from Nmb_iTM560
gal_bD_p,C6H12O6,0,Preserved from Nmb_iTM560
gal_c,C6H12O6,0,Preserved from Nmb_iTM560
gal_e,C6H12O6,0,Preserved from Nmb_iTM560
gal_p,C6H12O6,0,Preserved from Nmb_iTM560
gal1p_e,C6H11O9P,-2,Preserved from Nmb_iTM560
gal1p_p,C6H11O9P,-2,Preserved from Nmb_iTM560
galct_D_e,C6H8O8,0,Preserved from Nmb_iTM560
galct_D_p,C6H8O8,0,Preserved from Nmb_iTM560
galctn_D_e,C6H11O7,0,Preserved from Nmb_iTM560
galctn_D_p,C6H11O7,0,Preserved from Nmb_iTM560
galctn_L_e,C6H11O7,0,Preserved from Nmb_iTM560
galctn_L_p,C6H11O7,0,Preserved from Nmb_iTM560
galglcgnahhlipa_c,C138H242N3O66P2,-5,"For GLCTR1 - Formula for icolipa_c is incorrect. When glc is added to peagnahhlipa_c, the previous reaction did not add the oxygens. 
#The corresponding reactions in LOS synthesis all are also missing these 5 oxygens. This is corrected here.
#Used structure diagrams here PMID: 11496013 and here PMID: 30873172 to determine proper formulas."
galicolipa_c,C150H262N3O76P2,-5,"For GLCTR1 - Formula for icolipa_c is incorrect. When glc is added to peagnahhlipa_c, the previous reaction did not add the oxygens. "
galt_e,C6H14O6,0,#The corresponding reactions in LOS synthesis all are also missing these 5 oxygens. This is corrected here.
galt_p,C6H14O6,0,#Used structure diagrams here PMID: 11496013 and here PMID: 30873172 to determine proper formulas.
galur_e,C6H9O7,-1,Preserved from Nmb_iTM560
galur_p,C6H9O7,-1,Preserved from Nmb_iTM560
gam_e,C6H14NO5,1,Preserved from Nmb_iTM560
gam_p,C6H14NO5,1,Preserved from Nmb_iTM560
gam1p_c,C6H13NO8P,-1,Preserved from Nmb_iTM560
gam6p_c,C6H13NO8P,-1,Preserved from Nmb_iTM560
gam6p_e,C6H13NO8P,-1,Preserved from Nmb_iTM560
gam6p_p,C6H13NO8P,-1,Preserved from Nmb_iTM560
gar_c,C7H14N2O8P,-1,Preserved from Nmb_iTM560
gbbtn_e,C7H15NO2,0,Preserved from Nmb_iTM560
gbbtn_p,C7H15NO2,0,Preserved from Nmb_iTM560
gcald_c,C2H4O2,0,Preserved from Nmb_iTM560
gdp_c,C10H12N5O11P2,-3,Preserved from Nmb_iTM560
gdp_e,C10H12N5O11P2,-3,Preserved from Nmb_iTM560
gdp_p,C10H12N5O11P2,-3,Preserved from Nmb_iTM560
gdpmann_c,C16H23N5O16P2,-2,Preserved from Nmb_iTM560
gdptp_c,C10H11N5O20P5,-7,Preserved from Nmb_iTM560
gg4abut_c,C9H15O5N2,-1,Preserved from Nmb_iTM560
ggbutal_c,C9H16O4N2,0,Preserved from Nmb_iTM560
ggptrc_c,C9H20O3N3,1,Preserved from Nmb_iTM560
glc_D_c,C6H12O6,0,Preserved from Nmb_iTM560
glc_D_e,C6H12O6,0,Preserved from Nmb_iTM560
glc_D_p,C6H12O6,0,Preserved from Nmb_iTM560
glcgnahhlipa_c,C132H232N3O61P2,-5,"For GLCTR1 - Formula for icolipa_c is incorrect. When glc is added to peagnahhlipa_c, the previous reaction did not add the oxygens. 
#The corresponding reactions in LOS synthesis all are also missing these 5 oxygens. This is corrected here.
#Used structure diagrams here PMID: 11496013 and here PMID: 30873172 to determine proper formulas."
glcn_c,C6H11O7,-1,Preserved from Nmb_iTM560
glcn_p,C6H11O7,-1,Preserved from Nmb_iTM560
glcr_e,C6H8O8,-2,Preserved from Nmb_iTM560
glcr_p,C6H8O8,-2,Preserved from Nmb_iTM560
glcur_e,C6H9O7,-1,Preserved from Nmb_iTM560
glcur_p,C6H9O7,-1,Preserved from Nmb_iTM560
glcur1p_e,C6H8O10P,-3,Preserved from Nmb_iTM560
glcur1p_p,C6H8O10P,-3,Preserved from Nmb_iTM560
gln_L_c,C5H10N2O3,0,Preserved from Nmb_iTM560
gln_L_e,C5H10N2O3,0,Preserved from Nmb_iTM560
gln_L_p,C5H10N2O3,0,Preserved from Nmb_iTM560
glu_D_c,C5H8NO4,-1,Preserved from Nmb_iTM560
glu_L_c,C5H8NO4,-1,Preserved from Nmb_iTM560
glu_L_e,C5H8NO4,-1,Preserved from Nmb_iTM560
glu_L_p,C5H8NO4,-1,Preserved from Nmb_iTM560
glu1sa_c,C5H9NO3,0,Preserved from Nmb_iTM560
glu5p_c,C5H8NO7P,-2,Preserved from Nmb_iTM560
glu5sa_c,C5H9NO3,0,Preserved from Nmb_iTM560
glucys_c,C8H13N2O5S,-1,Preserved from Nmb_iTM560
glutrna_c,C5H7NO3R,0,Preserved from Nmb_iTM560
glx_c,C2H1O3,-1,Preserved from Nmb_iTM560
gly_c,C2H5NO2,0,Preserved from Nmb_iTM560
gly_e,C2H5NO2,0,Preserved from Nmb_iTM560
gly_p,C2H5NO2,0,Preserved from Nmb_iTM560
glyald_c,C3H6O3,0,Preserved from Nmb_iTM560
glyald_e,C3H6O3,0,Preserved from Nmb_iTM560
glyald_p,C3H6O3,0,Preserved from Nmb_iTM560
glyb_c,C5H11NO2,0,Preserved from Nmb_iTM560
glyb_e,C5H11NO2,0,Preserved from Nmb_iTM560
glyb_p,C5H11NO2,0,Preserved from Nmb_iTM560
glyc_c,C3H8O3,0,Preserved from Nmb_iTM560
glyc_e,C3H8O3,0,Preserved from Nmb_iTM560
glyc_p,C3H8O3,0,Preserved from Nmb_iTM560
glyc_R_c,C3H5O4,-1,Preserved from Nmb_iTM560
glyc_R_e,C3H5O4,0,Preserved from Nmb_iTM560
glyc_R_p,C3H5O4,0,Preserved from Nmb_iTM560
glyc2p_e,C3H7O6P,-2,Preserved from Nmb_iTM560
glyc2p_p,C3H7O6P,-2,Preserved from Nmb_iTM560
glyc3p_c,C3H7O6P,-2,Preserved from Nmb_iTM560
glyc3p_e,C3H7O6P,-2,Preserved from Nmb_iTM560
glyc3p_p,C3H7O6P,-2,Preserved from Nmb_iTM560
glyclt_c,C2H3O3,-1,Preserved from Nmb_iTM560
glyclt_e,C2H3O3,-1,Preserved from Nmb_iTM560
glyclt_p,C2H3O3,-1,Preserved from Nmb_iTM560
gmhep17bp_c,C7H12O13P2,-4,Preserved from Nmb_iTM560
gmhep1p_c,C7H13O10P,-2,Preserved from Nmb_iTM560
gmhep7p_c,C7H13O10P,-2,Preserved from Nmb_iTM560
gmp_c,C10H12N5O8P,-2,Preserved from Nmb_iTM560
gmp_e,C10H12N5O8P,-2,Preserved from Nmb_iTM560
gmp_p,C10H12N5O8P,-2,Preserved from Nmb_iTM560
gnagalicolipa_c,C158H276N4O81P2,-4,"For GLCTR1 - Formula for icolipa_c is incorrect. When glc is added to peagnahhlipa_c, the previous reaction did not add the oxygens. "
gnahhlipa_c,C126H222N3O56P2,-5,#The corresponding reactions in LOS synthesis all are also missing these 5 oxygens. This is corrected here.
grdp_c,C10H17O7P2,-3,#Used structure diagrams here PMID: 11496013 and here PMID: 30873172 to determine proper formulas.
grxox_c,X,0,Added to iNgo_558 from BIGG
grxrd_c,XH2,0,Added to iNgo_558 from BIGG
gsn_c,C10H13N5O5,0,Preserved from Nmb_iTM560
gsn_e,C10H13N5O5,0,Preserved from Nmb_iTM560
gsn_p,C10H13N5O5,0,Preserved from Nmb_iTM560
gthox_c,C20H30N6O12S2,-2,Preserved from Nmb_iTM560
gthox_e,C20H30N6O12S2,-2,Preserved from Nmb_iTM560
gthox_p,C20H30N6O12S2,-2,Preserved from Nmb_iTM560
gthrd_c,C10H16N3O6S,-1,Preserved from Nmb_iTM560
gthrd_e,C10H16N3O6S,-1,Preserved from Nmb_iTM560
gthrd_p,C10H16N3O6S,-1,Preserved from Nmb_iTM560
gtp_c,C10H12N5O14P3,-4,Preserved from Nmb_iTM560
gtp_e,C10H12N5O14P3,-4,Preserved from Nmb_iTM560
gtp_p,C10H12N5O14P3,-4,Preserved from Nmb_iTM560
gua_c,C5H5N5O,0,Preserved from Nmb_iTM560
gua_e,C5H5N5O,0,Preserved from Nmb_iTM560
gua_p,C5H5N5O,0,Preserved from Nmb_iTM560
h_c,H,1,Preserved from Nmb_iTM560
h_e,H,1,Preserved from Nmb_iTM560
h_p,H,1,Preserved from Nmb_iTM560
h2_c,H2,0,Preserved from Nmb_iTM560
h2_e,H2,0,Preserved from Nmb_iTM560
h2_p,H2,0,Preserved from Nmb_iTM560
h2mb4p_c,C5H9O8P2,-3,Preserved from Nmb_iTM560
h2o_c,H2O,0,Preserved from Nmb_iTM560
h2o_e,H2O,0,Preserved from Nmb_iTM560
h2o_p,H2O,0,Preserved from Nmb_iTM560
h2o2_c,H2O2,0,Preserved from Nmb_iTM560
h2o2_e,H2O2,0,Preserved from Nmb_iTM560
h2o2_p,H2O2,0,Preserved from Nmb_iTM560
h2s_c,H2S,0,Preserved from Nmb_iTM560
h2s_e,H2S,0,Preserved from Nmb_iTM560
h2s_p,H2S,0,Preserved from Nmb_iTM560
h5deACP_c,C27H49N2O8PRS,-1,Preserved from Nmb_iTM560
hco3_c,CHO3,-1,Preserved from Nmb_iTM560
hcys_L_c,C4H9NO2S,0,Preserved from Nmb_iTM560
hdca_e,C16H31O2,-1,Preserved from Nmb_iTM560
hdca_p,C16H31O2,-1,Preserved from Nmb_iTM560
hdcap_c,C16H32O5P,-1,Added to iNgo_558 from BIGG
hdcat9_p,C16H29O2,-1,Preserved from Nmb_iTM560
hdcea_e,C16H29O2,-1,Preserved from Nmb_iTM560
hdcea_p,C16H29O2,-1,Preserved from Nmb_iTM560
hdceap_c,C16H30O5P,-1,Added to iNgo_558 from BIGG
hdcoa_c,C37H60N7O17P3S,-4,Preserved from Nmb_iTM560
hdeACP_c,C27H49N2O8PRS,-1,Preserved from Nmb_iTM560
hdet9ACP_c,C27H49N2O8PRS,-1,Preserved from Nmb_iTM560
hexACP_c,C17H31N2O8PRS,-1,Preserved from Nmb_iTM560
Hg_e,R,0,Preserved from Nmb_iTM560
Hg2_c,Hg,0,Preserved from Nmb_iTM560
hg2_e,Hg,2,Preserved from Nmb_iTM560
hg2_p,Hg,2,Preserved from Nmb_iTM560
Hg2_p,Hg,0,Preserved from Nmb_iTM560
HgFe3_e,RC136H120Fe4N16O16,0,Preserved from Nmb_iTM560
hhlipa_c,C118H208N2O51P2,-6,Preserved from Nmb_iTM560
his_L_c,C6H9N3O2,0,Preserved from Nmb_iTM560
his_L_e,C6H9N3O2,0,Preserved from Nmb_iTM560
his_L_p,C6H9N3O2,0,Preserved from Nmb_iTM560
hisp_c,C6H11N3O4P,-1,Preserved from Nmb_iTM560
histd_c,C6H12N3O,1,Preserved from Nmb_iTM560
hlipa_c,C111H196N2O45P2,-6,Preserved from Nmb_iTM560
hmbil_c,C40H38N4O17,-8,Preserved from Nmb_iTM560
hmfurn_c,C5H6O3,0,Preserved from Nmb_iTM560
hmgth_c,C11H18N3O7S,-1,Preserved from Nmb_iTM560
hom_L_c,C4H9NO3,0,Preserved from Nmb_iTM560
hom_L_e,C4H9NO3,0,Preserved from Nmb_iTM560
hom_L_p,C4H9NO3,0,Preserved from Nmb_iTM560
hpyr_c,C3H3O4,-1,Preserved from Nmb_iTM560
hxa_e,C6H11O2,-1,Preserved from Nmb_iTM560
hxa_p,C6H11O2,-1,Preserved from Nmb_iTM560
hxan_c,C5H4N4O,0,Preserved from Nmb_iTM560
hxan_e,C5H4N4O,0,Preserved from Nmb_iTM560
hxan_p,C5H4N4O,0,Preserved from Nmb_iTM560
hxcoa_c,C27H42N7O17P3S,-4,Preserved from Nmb_iTM560
iasp_c,C4H3NO4,-2,Preserved from Nmb_iTM560
icit_c,C6H5O7,-3,Preserved from Nmb_iTM560
icolipa_c,C144H252N3O71P2,-5,"For GLCTR1 - Formula for icolipa_c is incorrect. When glc is added to peagnahhlipa_c, the previous reaction did not add the oxygens. "
idon_L_e,C6H11O7,0,#The corresponding reactions in LOS synthesis all are also missing these 5 oxygens. This is corrected here.
idon_L_p,C6H11O7,0,#Used structure diagrams here PMID: 11496013 and here PMID: 30873172 to determine proper formulas.
idp_c,C10H11N4O11P2,-3,Preserved from Nmb_iTM560
ile_L_c,C6H13NO2,0,Preserved from Nmb_iTM560
ile_L_e,C6H13NO2,0,Preserved from Nmb_iTM560
ile_L_p,C6H13NO2,0,Preserved from Nmb_iTM560
imacp_c,C6H7N2O5P,-2,Preserved from Nmb_iTM560
imp_c,C10H11N4O8P,-2,Preserved from Nmb_iTM560
imp_e,C10H11N4O8P,-2,Preserved from Nmb_iTM560
imp_p,C10H11N4O8P,-2,Preserved from Nmb_iTM560
indole_c,C8H7N,0,Preserved from Nmb_iTM560
indole_e,C8H7N,0,Preserved from Nmb_iTM560
indole_p,C8H7N,0,Preserved from Nmb_iTM560
inost_c,C6H12O6,0,Preserved from Nmb_iTM560
inost_e,C6H12O6,0,Preserved from Nmb_iTM560
inost_p,C6H12O6,0,Preserved from Nmb_iTM560
ins_c,C10H12N4O5,0,Preserved from Nmb_iTM560
ipdp_c,C5H9O7P2,-3,Preserved from Nmb_iTM560
isetac_e,C2H5O4S,-1,Preserved from Nmb_iTM560
isetac_p,C2H5O4S,-1,Preserved from Nmb_iTM560
itp_c,C10H11N4O14P3,-4,Preserved from Nmb_iTM560
k_c,K,1,Preserved from Nmb_iTM560
k_e,K,1,Preserved from Nmb_iTM560
k_p,K,1,Preserved from Nmb_iTM560
kdo_c,C8H13O8,-1,Preserved from Nmb_iTM560
kdo2lipid4_c,C80H140N2O37P2,-6,Preserved from Nmb_iTM560
kdo2lipid4L_c,C92H162N2O38P2,-6,Preserved from Nmb_iTM560
kdo8p_c,C8H12O11P,-3,Preserved from Nmb_iTM560
kdolipid4_c,C72H129N2O30P2,-5,Preserved from Nmb_iTM560
lac_D_c,C3H5O3,-1,Preserved from Nmb_iTM560
lac_D_e,C3H5O3,-1,Preserved from Nmb_iTM560
lac_D_p,C3H5O3,-1,Preserved from Nmb_iTM560
lac_L_c,C3H5O3,-1,Preserved from Nmb_iTM560
lac_L_e,C3H5O3,-1,Preserved from Nmb_iTM560
lac_L_p,C3H5O3,-1,Preserved from Nmb_iTM560
LalaDglu_c,C8H13N2O5,-1,Preserved from Nmb_iTM560
LalaDgluMdap_c,C15H25N4O8,-1,Preserved from Nmb_iTM560
LalaDgluMdap_e,C15H25N4O8,-1,Preserved from Nmb_iTM560
LalaDgluMdap_p,C15H25N4O8,-1,Preserved from Nmb_iTM560
LalaDgluMdapDala_c,C18H30N5O9,-1,Preserved from Nmb_iTM560
LalaDgluMdapDala_e,C18H30N5O9,-1,Preserved from Nmb_iTM560
LalaDgluMdapDala_p,C18H30N5O9,-1,Preserved from Nmb_iTM560
lald_L_c,C3H6O2,0,Preserved from Nmb_iTM560
lcts_e,C12H22O11,0,Preserved from Nmb_iTM560
lcts_p,C12H22O11,0,Preserved from Nmb_iTM560
leu_L_c,C6H13NO2,0,Preserved from Nmb_iTM560
leu_L_e,C6H13NO2,0,Preserved from Nmb_iTM560
leu_L_p,C6H13NO2,0,Preserved from Nmb_iTM560
Lf_e,R,0,Preserved from Nmb_iTM560
LfFe3_e,RFe,0,Preserved from Nmb_iTM560
lgt_S_c,C13H20N3O8S,-1,Preserved from Nmb_iTM560
lipa_c,C104H184N2O39P2,-6,Preserved from Nmb_iTM560
lipa_e,C104H184N2O39P2,-6,Preserved from Nmb_iTM560
lipa_p,C104H184N2O39P2,-6,Preserved from Nmb_iTM560
lipidA_c,C64H118N2O23P2,-4,Preserved from Nmb_iTM560
lipidAds_c,C64H119N2O20P,-2,Preserved from Nmb_iTM560
lipidX_c,C32H60NO12P,-2,Preserved from Nmb_iTM560
los_GC_c,C164H286N4O86P2,-4,"For GLCTR1 - Formula for icolipa_c is incorrect. When glc is added to peagnahhlipa_c, the previous reaction did not add the oxygens. 
#The corresponding reactions in LOS synthesis all are also missing these 5 oxygens. This is corrected here.
#Used structure diagrams here PMID: 11496013 and here PMID: 30873172 to determine proper formulas."
lys_L_c,C6H15N2O2,1,Preserved from Nmb_iTM560
lys_L_e,C6H15N2O2,1,Preserved from Nmb_iTM560
lys_L_p,C6H15N2O2,1,Preserved from Nmb_iTM560
lyx_L_e,C5H10O5,0,Preserved from Nmb_iTM560
lyx_L_p,C5H10O5,0,Preserved from Nmb_iTM560
mal_D_e,C4H4O5,0,Preserved from Nmb_iTM560
mal_D_p,C4H4O5,0,Preserved from Nmb_iTM560
mal_L_c,C4H4O5,-2,Preserved from Nmb_iTM560
mal_L_e,C4H4O5,-2,Preserved from Nmb_iTM560
mal_L_p,C4H4O5,-2,Preserved from Nmb_iTM560
malACP_c,C14H22N2O10PRS,-2,Preserved from Nmb_iTM560
malcoa_c,C24H33N7O19P3S,-5,Preserved from Nmb_iTM560
malt_c,C12H22O11,0,Preserved from Nmb_iTM560
malt_e,C12H22O11,0,Preserved from Nmb_iTM560
malt_p,C12H22O11,0,Preserved from Nmb_iTM560
man_e,C6H12O6,0,Preserved from Nmb_iTM560
man_p,C6H12O6,0,Preserved from Nmb_iTM560
man1p_c,C6H11O9P,-2,Preserved from Nmb_iTM560
man6p_e,C6H11O9P,-2,Preserved from Nmb_iTM560
man6p_p,C6H11O9P,-2,Preserved from Nmb_iTM560
manglyc_e,C9H15O9,-1,Preserved from Nmb_iTM560
manglyc_p,C9H15O9,-1,Preserved from Nmb_iTM560
melib_e,C12H22O11,0,Preserved from Nmb_iTM560
melib_p,C12H22O11,0,Preserved from Nmb_iTM560
met_D_c,C5H10NO2S,0,Preserved from Nmb_iTM560
met_D_e,C5H10NO2S,0,Preserved from Nmb_iTM560
met_D_p,C5H10NO2S,0,Preserved from Nmb_iTM560
met_L_c,C5H11NO2S,0,Preserved from Nmb_iTM560
met_L_e,C5H11NO2S,0,Preserved from Nmb_iTM560
met_L_p,C5H11NO2S,0,Preserved from Nmb_iTM560
methf_c,C20H20N7O6,-1,Preserved from Nmb_iTM560
metsox_R_L_c,C5H11NO3S,0,Preserved from Nmb_iTM560
metsox_R_L_e,C5H11NO3S,0,Preserved from Nmb_iTM560
metsox_R_L_p,C5H11NO3S,0,Preserved from Nmb_iTM560
metsox_S_L_c,C5H11NO3S,0,Preserved from Nmb_iTM560
metsox_S_L_e,C5H11NO3S,0,Preserved from Nmb_iTM560
metsox_S_L_p,C5H11NO3S,0,Preserved from Nmb_iTM560
mg2_c,Mg,2,Preserved from Nmb_iTM560
mg2_e,Mg,2,Preserved from Nmb_iTM560
mg2_p,Mg,2,Preserved from Nmb_iTM560
mi1p_D_c,C6H11O9P,-2,Preserved from Nmb_iTM560
micit_c,C7H7O7,-3,Preserved from Nmb_iTM560
mlthf_c,C20H21N7O6,-2,Preserved from Nmb_iTM560
mmet_e,C6H14NO2S,1,Preserved from Nmb_iTM560
mmet_p,C6H14NO2S,1,Preserved from Nmb_iTM560
mn2_c,Mn,2,Preserved from Nmb_iTM560
mn2_e,Mn,2,Preserved from Nmb_iTM560
mn2_p,Mn,2,Preserved from Nmb_iTM560
mnl_e,C6H14O6,0,Preserved from Nmb_iTM560
mnl_p,C6H14O6,0,Preserved from Nmb_iTM560
mobd_c,MoO4,-2,Absent from Nmb_iTM560. Added from BIGG.
mobd_e,MoO4,-2,Absent from Nmb_iTM560. Added from BIGG.
mobd_p,MoO4,-2,Absent from Nmb_iTM560. Added from BIGG.
mso3_e,CH3O3S,-1,Preserved from Nmb_iTM560
mso3_p,CH3O3S,-1,Preserved from Nmb_iTM560
mthgxl_c,C3H4O2,0,Preserved from Nmb_iTM560
murein3p3p_p,C68H104N12O38,-4,Added to iNgo_558 from BIGG
murein4p3p_p,C71H109N13O39,-4,Preserved from Nmb_iTM560
murein4p3pOAc_p,C73H113N13O41,-4,Preserved from Nmb_iTM560
murein4p4p_p,C74H114N14O40,-4,Preserved from Nmb_iTM560
murein4p4p4p_p,C111H174N15O60,0,Preserved from Nmb_iTM560
murein4p4p4pOAc_p,C113H178N15O62,0,Preserved from Nmb_iTM560
murein4p4pdOAc_p,C78H122N14O44,-4,Preserved from Nmb_iTM560
murein4p4pOAc_p,C76H118N14O42,-4,Preserved from Nmb_iTM560
murein4px4p_p,C74H112N14O39,-4,Preserved from Nmb_iTM560
murein4px4p4p_p,C111H169N21O59,-6,Preserved from Nmb_iTM560
murein4px4px4p_p,C111H167N21O58,-6,Preserved from Nmb_iTM560
murein4px4px4pdOAc_p,C115H175N21O62,-6,"MAc7 and MAc8 which produces murein4p4p4pdOac and murein 4p4p4ptOAc respectively, where altered to use murein 4px4px4p as the base instead."
murein4px4px4pOAc_p,C113H171N21O60,-6,Preserved from Nmb_iTM560
murein4px4px4ptOAc_p,C117H179N21O64,-6,"MAc7 and MAc8 which produces murein4p4p4pdOac and murein 4p4p4ptOAc respectively, where altered to use murein 4px4px4p as the base instead."
murein5p3p_p,C74H114N14O40,-4,Preserved from Nmb_iTM560
murein5p4p_p,C77H119N15O41,-4,Preserved from Nmb_iTM560
murein5p4pOAc_p,C79H123N15O43,-4,"In the formula for murein5p4pOAc in Nmb_iTM560, the oxygen that gets added during acylation was forgotten. Corrected here."
murein5p5p_p,C80H124N16O42,-4,Preserved from Nmb_iTM560
murein5p5p5p_p,C120H186N24O63,-6,Preserved from Nmb_iTM560
murein5px3p_p,C74H112N14O39,-4,Added to iNgo_558 from BIGG
murein5px4p_p,C77H117N15O40,-4,Preserved from Nmb_iTM560
murein5px4px4p_p,C114H172N22O59,-6,Preserved from Nmb_iTM560
myrsACP_c,C25H47N2O8PRS,-1,Preserved from Nmb_iTM560
n2o_c,N2O,0,Preserved from Nmb_iTM560
n2o_e,N2O,0,Preserved from Nmb_iTM560
n2o_p,N2O,0,Preserved from Nmb_iTM560
na1_c,Na,1,Preserved from Nmb_iTM560
na1_e,Na,1,Preserved from Nmb_iTM560
na1_p,Na,1,Preserved from Nmb_iTM560
nac_c,C6H4NO2,-1,Preserved from Nmb_iTM560
nac_e,C6H4NO2,-1,Preserved from Nmb_iTM560
nac_p,C6H4NO2,-1,Preserved from Nmb_iTM560
nad_c,C21H26N7O14P2,-1,Preserved from Nmb_iTM560
nadh_c,C21H27N7O14P2,-2,Preserved from Nmb_iTM560
nadp_c,C21H25N7O17P3,-3,Preserved from Nmb_iTM560
nadph_c,C21H26N7O17P3,-4,Preserved from Nmb_iTM560
ncam_c,C6H6N2O,0,Preserved from Nmb_iTM560
nh4_c,H4N,1,Preserved from Nmb_iTM560
nh4_e,H4N,1,Preserved from Nmb_iTM560
nh4_p,H4N,1,Preserved from Nmb_iTM560
ni2_c,Ni,2,Preserved from Nmb_iTM560
ni2_e,Ni,2,Preserved from Nmb_iTM560
ni2_p,Ni,2,Preserved from Nmb_iTM560
nicrns_c,C11H13NO6,0,Added to iNgo_558 from BIGG
nicrnt_c,C11H12NO9P,-2,Preserved from Nmb_iTM560
nmn_c,C11H14N2O8P,-1,Preserved from Nmb_iTM560
nmn_e,C11H14N2O8P,-1,Preserved from Nmb_iTM560
nmn_p,C11H14N2O8P,-1,Preserved from Nmb_iTM560
no_c,NO,0,Preserved from Nmb_iTM560
no_e,NO,0,Preserved from Nmb_iTM560
no_p,NO,0,Preserved from Nmb_iTM560
no2_e,NO2,-1,Preserved from Nmb_iTM560
no2_p,NO2,-1,Preserved from Nmb_iTM560
no3_e,NO3,-1,Preserved from Nmb_iTM560
no3_p,NO3,-1,Preserved from Nmb_iTM560
o2_c,O2,0,Preserved from Nmb_iTM560
o2_e,O2,0,Preserved from Nmb_iTM560
o2_p,O2,0,Preserved from Nmb_iTM560
o2s_c,O2,-1,Preserved from Nmb_iTM560
o2s_e,O2,-1,Preserved from Nmb_iTM560
o2s_p,O2,-1,Preserved from Nmb_iTM560
oaa_c,C4H2O5,-2,Preserved from Nmb_iTM560
oaa_e,C4H2O5,-2,Preserved from Nmb_iTM560
oaa_p,C4H2O5,-2,Preserved from Nmb_iTM560
ocACP_c,C19H35N2O8PRS,-1,Preserved from Nmb_iTM560
occoa_c,C29H46N7O17P3S,-4,Preserved from Nmb_iTM560
ocdca_e,C18H35O2,-1,Preserved from Nmb_iTM560
ocdca_p,C18H35O2,-1,Preserved from Nmb_iTM560
ocdcaACP_c,C29H55N2O8PRS,-1,Preserved from Nmb_iTM560
ocdcap_c,C18H36O5P,-1,Added to iNgo_558 from BIGG
ocdcea_e,C18H33O2,-1,Preserved from Nmb_iTM560
ocdcea_p,C18H33O2,-1,Preserved from Nmb_iTM560
ocdceap_c,C18H34O5P,-1,Added to iNgo_558 from BIGG
oct7eACP_c,C29H53N2O8PRS,-1,Preserved from Nmb_iTM560
octa_e,C8H15O2,-1,Preserved from Nmb_iTM560
octa_p,C8H15O2,-1,Preserved from Nmb_iTM560
octdp_c,C40H65O7P2,-3,Preserved from Nmb_iTM560
octeACP_c,C29H53N2O8PRS,-1,Added to iNgo_558 from BIGG
odecoa_c,C39H64N7O17P3S,-4,Preserved from Nmb_iTM560
ohpb_c,C4H4O8P,-3,Preserved from Nmb_iTM560
orn_c,C5H13N2O2,1,Preserved from Nmb_iTM560
orn_e,C5H13N2O2,1,Preserved from Nmb_iTM560
orn_p,C5H13N2O2,1,Preserved from Nmb_iTM560
orot_c,C5H3N2O4,-1,Preserved from Nmb_iTM560
orot_e,C5H3N2O4,-1,Preserved from Nmb_iTM560
orot_p,C5H3N2O4,-1,Preserved from Nmb_iTM560
orot5p_c,C10H10N2O11P,-3,Preserved from Nmb_iTM560
oxa_c,C2H2O4,-2,Preserved from Nmb_iTM560
oxa_p,C2H2O4,-2,Preserved from Nmb_iTM560
pa120_c,C27H51O8P1,-2,Preserved from Nmb_iTM560
pa120_p,C27H51O8P1,-2,Preserved from Nmb_iTM560
pa140_c,C31H59O8P1,-2,Preserved from Nmb_iTM560
pa140_p,C31H59O8P1,-2,Preserved from Nmb_iTM560
pa141_c,C31H55O8P1,-2,Preserved from Nmb_iTM560
pa141_p,C31H55O8P1,-2,Preserved from Nmb_iTM560
pa160_c,C35H67O8P1,-2,Preserved from Nmb_iTM560
pa160_p,C35H67O8P1,-2,Preserved from Nmb_iTM560
pa160a_c,C31H59O8P1,-2,Preserved from Nmb_iTM560
pa161_c,C35H63O8P1,-2,Preserved from Nmb_iTM560
pa161_p,C35H63O8P1,-2,Preserved from Nmb_iTM560
pa180_c,C39H75O8P1,-2,Preserved from Nmb_iTM560
pa180_p,C39H75O8P1,-2,Preserved from Nmb_iTM560
pa181_c,C39H71O8P1,-2,Preserved from Nmb_iTM560
pa181_p,C39H71O8P1,-2,Preserved from Nmb_iTM560
pacald_e,C8H8O,0,Preserved from Nmb_iTM560
pacald_p,C8H8O,0,Preserved from Nmb_iTM560
palmACP_c,C27H51N2O8PRS,-1,Preserved from Nmb_iTM560
pan4p_c,C11H21N2O7PS,-2,Preserved from Nmb_iTM560
pant_R_c,C6H11O4,-1,Preserved from Nmb_iTM560
pap_c,C10H11N5O10P2,-4,Preserved from Nmb_iTM560
pdx5p_c,C8H10NO6P,-2,Preserved from Nmb_iTM560
pe120_c,C29H58N1O8P1,0,Preserved from Nmb_iTM560
pe120_p,C29H58N1O8P1,0,Preserved from Nmb_iTM560
pe140_c,C33H66N1O8P1,0,Preserved from Nmb_iTM560
pe140_p,C33H66N1O8P1,0,Preserved from Nmb_iTM560
pe141_c,C33H62N1O8P1,0,Preserved from Nmb_iTM560
pe141_p,C33H62N1O8P1,0,Preserved from Nmb_iTM560
pe141b_c,C33H64N1O8P1,0,Added to iNgo_558 from BIGG
pe141b_p,C33H64N1O8P1,0,Added to iNgo_558 from BIGG
pe160_c,C37H74N1O8P1,0,Preserved from Nmb_iTM560
pe160_p,C37H74N1O8P1,0,Preserved from Nmb_iTM560
pe161_c,C37H70N1O8P1,0,Added to iNgo_558 from BIGG
pe161_p,C37H70N1O8P1,0,Added to iNgo_558 from BIGG
pe180_c,C41H82N1O8P1,0,Preserved from Nmb_iTM560
pe180_p,C41H82N1O8P1,0,Preserved from Nmb_iTM560
pe181_c,C41H78N1O8P1,0,Preserved from Nmb_iTM560
pe181_p,C41H78N1O8P1,0,Preserved from Nmb_iTM560
peamn_e,C8H12N,1,Preserved from Nmb_iTM560
peamn_p,C8H12N,1,Preserved from Nmb_iTM560
pep_c,C3H2O6P,-3,Preserved from Nmb_iTM560
pg120_c,C30H58O10P1,-1,Preserved from Nmb_iTM560
pg120_p,C30H58O10P1,-1,Preserved from Nmb_iTM560
pg140_c,C34H66O10P1,-1,Preserved from Nmb_iTM560
pg140_p,C34H66O10P1,-1,Preserved from Nmb_iTM560
pg141_c,C34H62O10P1,-1,Preserved from Nmb_iTM560
pg141_p,C34H62O10P1,-1,Preserved from Nmb_iTM560
pg160_c,C38H74O10P1,-1,Preserved from Nmb_iTM560
pg160_p,C38H74O10P1,-1,Preserved from Nmb_iTM560
pg161_c,C38H70O10P1,-1,Preserved from Nmb_iTM560
pg161_p,C38H70O10P1,-1,Preserved from Nmb_iTM560
pg180_c,C42H82O10P1,-1,Preserved from Nmb_iTM560
pg180_p,C42H82O10P1,-1,Preserved from Nmb_iTM560
pg181_c,C42H78O10P1,-1,Preserved from Nmb_iTM560
pg181_p,C42H78O10P1,-1,Preserved from Nmb_iTM560
pgp120_c,C30H57O13P2,-3,Preserved from Nmb_iTM560
pgp120_p,C30H57O13P2,-3,Preserved from Nmb_iTM560
pgp140_c,C34H65O13P2,-3,Preserved from Nmb_iTM560
pgp140_p,C34H65O13P2,-3,Preserved from Nmb_iTM560
pgp141_c,C34H61O13P2,-3,Preserved from Nmb_iTM560
pgp141_p,C34H61O13P2,-3,Preserved from Nmb_iTM560
pgp160_c,C38H73O13P2,-3,Preserved from Nmb_iTM560
pgp160_p,C38H73O13P2,-3,Preserved from Nmb_iTM560
pgp161_c,C38H69O13P2,-3,Preserved from Nmb_iTM560
pgp161_p,C38H69O13P2,-3,Preserved from Nmb_iTM560
pgp180_c,C42H81O13P2,-3,Preserved from Nmb_iTM560
pgp180_p,C42H81O13P2,-3,Preserved from Nmb_iTM560
pgp181_c,C42H77O13P2,-3,Preserved from Nmb_iTM560
pgp181_p,C42H77O13P2,-3,Preserved from Nmb_iTM560
phe_L_c,C9H11NO2,0,Preserved from Nmb_iTM560
phe_L_e,C9H11NO2,0,Preserved from Nmb_iTM560
phe_L_p,C9H11NO2,0,Preserved from Nmb_iTM560
pheme_c,C34H30FeN4O4,-2,Preserved from Nmb_iTM560
pheme_e,C34H30FeN4O4,-2,Preserved from Nmb_iTM560
pheme_p,C34H30FeN4O4,-2,Preserved from Nmb_iTM560
phom_c,C4H8NO6P,-2,Preserved from Nmb_iTM560
phpyr_c,C9H7O3,-1,Preserved from Nmb_iTM560
phthr_c,C4H8NO7P,-2,Preserved from Nmb_iTM560
pi_c,HO4P,-2,Preserved from Nmb_iTM560
pi_e,HO4P,-2,Preserved from Nmb_iTM560
pi_p,HO4P,-2,Preserved from Nmb_iTM560
pmcoa_c,C28H41N7O19P3S,-5,Preserved from Nmb_iTM560
pmtcoa_c,C37H62N7O17P3S,-4,Preserved from Nmb_iTM560
pnto_R_c,C9H16NO5,-1,Preserved from Nmb_iTM560
pnto_R_e,C9H16NO5,0,Preserved from Nmb_iTM560
pnto_R_p,C9H16NO5,0,Preserved from Nmb_iTM560
ppa_c,C3H5O2,-1,Preserved from Nmb_iTM560
ppa_e,C3H5O2,-1,Preserved from Nmb_iTM560
ppa_p,C3H5O2,-1,Preserved from Nmb_iTM560
ppal_c,C3H6O,0,Preserved from Nmb_iTM560
ppal_e,C3H6O,0,Preserved from Nmb_iTM560
ppal_p,C3H6O,0,Preserved from Nmb_iTM560
ppap_c,C3H5O5P,-2,Preserved from Nmb_iTM560
ppbng_c,C10H13N2O4,-1,Preserved from Nmb_iTM560
ppcoa_c,C24H36N7O17P3S,-4,Preserved from Nmb_iTM560
ppgpp_c,C10H11N5O17P4,-6,Preserved from Nmb_iTM560
pphn_c,C10H8O6,-2,Preserved from Nmb_iTM560
ppi_c,HO7P2,-3,Preserved from Nmb_iTM560
ppp9_c,C34H32N4O4,-2,Preserved from Nmb_iTM560
pppg9_c,C34H38N4O4,-2,Preserved from Nmb_iTM560
pppi_c,HO10P3,-4,Preserved from Nmb_iTM560
pppn_e,C9H9O2,-1,Preserved from Nmb_iTM560
pppn_p,C9H9O2,-1,Preserved from Nmb_iTM560
ppt_e,HO3P,-2,Preserved from Nmb_iTM560
ppt_p,HO3P,-2,Preserved from Nmb_iTM560
pram_c,C5H11NO7P,-1,Preserved from Nmb_iTM560
pran_c,C12H13NO9P,-3,Preserved from Nmb_iTM560
prbamp_c,C15H19N5O14P2,-4,Preserved from Nmb_iTM560
prbatp_c,C15H19N5O20P4,-6,Preserved from Nmb_iTM560
preq0_c,C7H5N5O,0,Added to iNgo_558 from BIGG
preq1_c,C7H10N5O,1,Added to iNgo_558 from BIGG
prfp_c,C15H21N5O15P2,-4,Preserved from Nmb_iTM560
prlp_c,C15H21N5O15P2,-4,Preserved from Nmb_iTM560
pro_L_c,C5H9NO2,0,Preserved from Nmb_iTM560
pro_L_e,C5H9NO2,0,Preserved from Nmb_iTM560
pro_L_p,C5H9NO2,0,Preserved from Nmb_iTM560
progly_c,C7H12N2O3,0,Preserved from Nmb_iTM560
progly_e,C7H12N2O3,0,Preserved from Nmb_iTM560
progly_p,C7H12N2O3,0,Preserved from Nmb_iTM560
prpp_c,C5H9O14P3,-4,Added to iNgo_558 from BIGG
ps120_c,C30H57N1O10P1,-1,Preserved from Nmb_iTM560
ps140_c,C34H65N1O10P1,-1,Preserved from Nmb_iTM560
ps141_c,C34H61N1O10P1,-1,Preserved from Nmb_iTM560
ps160_c,C38H73N1O10P1,-1,Preserved from Nmb_iTM560
ps161_c,C38H69N1O10P1,-1,Added to iNgo_558 from BIGG
ps180_c,C42H81N1O10P1,-1,Preserved from Nmb_iTM560
ps181_c,C42H77N1O10P1,-1,Preserved from Nmb_iTM560
psclys_e,C12H25N2O7,1,Preserved from Nmb_iTM560
psclys_p,C12H25N2O7,1,Preserved from Nmb_iTM560
pser_L_c,C3H6NO6P,-2,Preserved from Nmb_iTM560
pser_L_e,C3H6NO6P,0,Preserved from Nmb_iTM560
pser_L_p,C3H6NO6P,0,Preserved from Nmb_iTM560
ptrc_c,C4H14N2,2,Preserved from Nmb_iTM560
ptrc_e,C4H14N2,2,Preserved from Nmb_iTM560
ptrc_p,C4H14N2,2,Preserved from Nmb_iTM560
pyam5p_c,C8H12N2O5P,-1,Preserved from Nmb_iTM560
pydam_c,C8H13N2O2,1,Preserved from Nmb_iTM560
pydx_c,C8H9NO3,0,Preserved from Nmb_iTM560
pydx5p_c,C8H8NO6P,-2,Preserved from Nmb_iTM560
pydxn_c,C8H11NO3,0,Preserved from Nmb_iTM560
pyr_c,C3H3O3,-1,Preserved from Nmb_iTM560
pyr_e,C3H3O3,-1,Preserved from Nmb_iTM560
pyr_p,C3H3O3,-1,Preserved from Nmb_iTM560
q8_c,C49H74O4,0,Preserved from Nmb_iTM560
q8h2_c,C49H76O4,0,Preserved from Nmb_iTM560
quln_c,C7H3NO4,-2,Preserved from Nmb_iTM560
r1p_c,C5H9O8P,-2,Preserved from Nmb_iTM560
r5p_c,C5H9O8P,-2,Preserved from Nmb_iTM560
r5p_e,C5H9O8P,-2,Preserved from Nmb_iTM560
r5p_p,C5H9O8P,-2,Preserved from Nmb_iTM560
rbflvrd_c,C17H22N4O6,0,Added to iNgo_558 from BIGG
rhcys_c,C9H17NO6S,0,Preserved from Nmb_iTM560
rib_D_c,C5H10O5,0,Preserved from Nmb_iTM560
rib_D_e,C5H10O5,0,Preserved from Nmb_iTM560
rib_D_p,C5H10O5,0,Preserved from Nmb_iTM560
ribflv_c,C17H20N4O6,0,Preserved from Nmb_iTM560
rmn_e,C6H12O5,0,Preserved from Nmb_iTM560
rmn_p,C6H12O5,0,Preserved from Nmb_iTM560
rnam_c,C11H15N2O5,1,Preserved from Nmb_iTM560
ru5p_D_c,C5H9O8P,-2,Preserved from Nmb_iTM560
s7p_c,C7H13O10P,-2,Preserved from Nmb_iTM560
sbt_D_e,C6H14O6,0,Preserved from Nmb_iTM560
sbt_D_p,C6H14O6,0,Preserved from Nmb_iTM560
ser_D_c,C3H7NO3,0,Preserved from Nmb_iTM560
ser_D_e,C3H7NO3,0,Preserved from Nmb_iTM560
ser_D_p,C3H7NO3,0,Preserved from Nmb_iTM560
ser_L_c,C3H7NO3,0,Preserved from Nmb_iTM560
ser_L_e,C3H7NO3,0,Preserved from Nmb_iTM560
ser_L_p,C3H7NO3,0,Preserved from Nmb_iTM560
Sfglutth_c,C11H16N3O7S,-1,Preserved from Nmb_iTM560
sheme_c,C42H36FeN4O16,-8,Preserved from Nmb_iTM560
sialylated_los_GC_c,C175H304N5O94P2,-4,"For GLCTR1 - Formula for icolipa_c is incorrect. When glc is added to peagnahhlipa_c, the previous reaction did not add the oxygens. 
The corresponding reactions in LOS synthesis all are also missing these 5 oxygens. This is corrected here.
Used structure diagrams here PMID: 11496013 and here PMID: 30873172 to determine proper formulas. Additionally for SIALT1 - When LPS is sialylated, the NeuAC was not actually added to the structure for LPS.  This is corrected here. Note this sialylation is on the alpha chain of LOS only, which is more common. Not on the beta chain."
skm_c,C7H9O5,-1,Preserved from Nmb_iTM560
skm_e,C7H9O5,-1,Preserved from Nmb_iTM560
skm_p,C7H9O5,-1,Preserved from Nmb_iTM560
skm5p_c,C7H8O8P,-3,Preserved from Nmb_iTM560
sl26da_c,C11H16N2O7,-2,Preserved from Nmb_iTM560
sl2a6o_c,C11H12NO8,-3,Preserved from Nmb_iTM560
so2_c,O2S,0,Preserved from Nmb_iTM560
so2_e,O2S,0,Preserved from Nmb_iTM560
so2_p,O2S,0,Preserved from Nmb_iTM560
so3_c,O3S,-2,Preserved from Nmb_iTM560
so3_e,O3S,-2,Preserved from Nmb_iTM560
so3_p,O3S,-2,Preserved from Nmb_iTM560
so4_c,O4S,-2,Preserved from Nmb_iTM560
so4_e,O4S,-2,Preserved from Nmb_iTM560
so4_p,O4S,-2,Preserved from Nmb_iTM560
spmd_c,C7H22N3,3,Preserved from Nmb_iTM560
spmd_e,C7H22N3,3,Preserved from Nmb_iTM560
spmd_p,C7H22N3,3,Preserved from Nmb_iTM560
stcoa_c,C39H66N7O17P3S,-4,Preserved from Nmb_iTM560
succ_c,C4H4O4,-2,Preserved from Nmb_iTM560
succ_e,C4H4O4,-2,Preserved from Nmb_iTM560
succ_p,C4H4O4,-2,Preserved from Nmb_iTM560
succoa_c,C25H35N7O19P3S,-5,Preserved from Nmb_iTM560
suchms_c,C8H12NO6,-1,Preserved from Nmb_iTM560
sucr_e,C12H22O11,0,Preserved from Nmb_iTM560
sucr_p,C12H22O11,0,Preserved from Nmb_iTM560
sucsal_c,C4H5O3,-1,Preserved from Nmb_iTM560
sulfac_e,C2H2O5S,-2,Preserved from Nmb_iTM560
sulfac_p,C2H2O5S,-2,Preserved from Nmb_iTM560
t3c5ddeceACP_c,C23H39N2O8PRS,-1,Preserved from Nmb_iTM560
t3c5palmeACP_c,C27H47N2O8PRS,-1,Preserved from Nmb_iTM560
t3c7mrseACP_c,C25H43N2O8PRS,-1,Preserved from Nmb_iTM560
t3c7vaceACP_c,C29H51N2O8PRS,-1,Preserved from Nmb_iTM560
t3c9palmeACP_c,C27H47N2O8PRS,-1,Preserved from Nmb_iTM560
tartr_L_e,C4H4O6,0,Preserved from Nmb_iTM560
tartr_L_p,C4H4O6,0,Preserved from Nmb_iTM560
taur_e,C2H7NO3S,0,Preserved from Nmb_iTM560
taur_p,C2H7NO3S,0,Preserved from Nmb_iTM560
tcynt_e,CNS,-1,Preserved from Nmb_iTM560
tcynt_p,CNS,-1,Preserved from Nmb_iTM560
tdcoa_c,C35H58N7O17P3S,-4,Preserved from Nmb_iTM560
tddec2eACP_c,C23H41N2O8PRS,-1,Preserved from Nmb_iTM560
tdeACP_c,C25H45N2O8PRS,-1,Preserved from Nmb_iTM560
tdec2eACP_c,C21H37N2O8PRS,-1,Preserved from Nmb_iTM560
tdec3eACP_c,C21H37N2O8PRS,-1,Preserved from Nmb_iTM560
tdecoa_c,C35H56N7O17P3S,-4,Preserved from Nmb_iTM560
Tf_e,R,0,Preserved from Nmb_iTM560
TfFe3_e,RFe,3,Preserved from Nmb_iTM560
thdp_c,C7H7NO4,-2,Preserved from Nmb_iTM560
thex2eACP_c,C17H29N2O8PRS,-1,Preserved from Nmb_iTM560
thf_c,C19H21N7O6,-2,Preserved from Nmb_iTM560
thm_c,C12H17N4OS,1,Preserved from Nmb_iTM560
thm_e,C12H17N4OS,1,Preserved from Nmb_iTM560
thm_p,C12H17N4OS,1,Preserved from Nmb_iTM560
thmmp_c,C12H16N4O4PS,-1,Preserved from Nmb_iTM560
thmpp_c,C12H16N4O7P2S,-2,Preserved from Nmb_iTM560
thr_L_c,C4H9NO3,0,Preserved from Nmb_iTM560
thr_L_e,C4H9NO3,0,Preserved from Nmb_iTM560
thr_L_p,C4H9NO3,0,Preserved from Nmb_iTM560
thrp_e,C4H8NO6P,-2,Preserved from Nmb_iTM560
thrp_p,C4H8NO6P,-2,Preserved from Nmb_iTM560
thym_e,C5H6N2O2,0,Preserved from Nmb_iTM560
thym_p,C5H6N2O2,0,Preserved from Nmb_iTM560
thymd_c,C10H14N2O5,0,Preserved from Nmb_iTM560
thymd_e,C10H14N2O5,0,Preserved from Nmb_iTM560
thymd_p,C10H14N2O5,0,Preserved from Nmb_iTM560
tma_e,C3H10N,1,Preserved from Nmb_iTM560
tma_p,C3H10N,1,Preserved from Nmb_iTM560
tmao_e,C3H9NO,0,Preserved from Nmb_iTM560
tmao_p,C3H9NO,0,Preserved from Nmb_iTM560
tmrs2eACP_c,C25H45N2O8PRS,-1,Preserved from Nmb_iTM560
toct2eACP_c,C19H33N2O8PRS,-1,Preserved from Nmb_iTM560
toctd2eACP_c,C29H53N2O8PRS,-1,Preserved from Nmb_iTM560
tpalm2eACP_c,C27H49N2O8PRS,-1,Preserved from Nmb_iTM560
trdox_c,X,0,Preserved from Nmb_iTM560
trdrd_c,XH2,0,Preserved from Nmb_iTM560
tre_e,C12H22O11,0,Preserved from Nmb_iTM560
tre_p,C12H22O11,0,Preserved from Nmb_iTM560
trnaglu_c,R,0,Preserved from Nmb_iTM560
trp_L_c,C11H12N2O2,0,Preserved from Nmb_iTM560
trp_L_e,C11H12N2O2,0,Preserved from Nmb_iTM560
trp_L_p,C11H12N2O2,0,Preserved from Nmb_iTM560
tsul_c,O3S2,-2,Preserved from Nmb_iTM560
tsul_e,O3S2,-2,Preserved from Nmb_iTM560
tsul_p,O3S2,-2,Preserved from Nmb_iTM560
ttdca_e,C14H27O2,-1,Preserved from Nmb_iTM560
ttdca_p,C14H27O2,-1,Preserved from Nmb_iTM560
ttdcap_c,C14H28O5P,-1,Added to iNgo_558 from BIGG
ttdcea_e,C14H25O2,-1,Preserved from Nmb_iTM560
ttdcea_p,C14H25O2,-1,Preserved from Nmb_iTM560
ttdceap_c,C14H26O5P,-1,Added to iNgo_558 from BIGG
tungs_e,O4W1,-2,Preserved from Nmb_iTM560
tungs_p,O4W1,-2,Preserved from Nmb_iTM560
tym_e,C8H12NO,1,Preserved from Nmb_iTM560
tym_p,C8H12NO,1,Preserved from Nmb_iTM560
tyr_L_c,C9H11NO3,0,Preserved from Nmb_iTM560
tyr_L_e,C9H11NO3,0,Preserved from Nmb_iTM560
tyr_L_p,C9H11NO3,0,Preserved from Nmb_iTM560
tyrp_e,C9H10NO6P,-2,Preserved from Nmb_iTM560
tyrp_p,C9H10NO6P,-2,Preserved from Nmb_iTM560
u23ga_c,C41H71N3O20P2,-2,Preserved from Nmb_iTM560
u3aga_c,C29H47N3O19P2,-2,Preserved from Nmb_iTM560
u3hga_c,C27H46N3O18P2,-1,Preserved from Nmb_iTM560
uaagmda_c,C95H152N8O28P2,-4,Preserved from Nmb_iTM560
uaccg_c,C20H26N3O19P2,-3,Preserved from Nmb_iTM560
uacgam_c,C17H25N3O17P2,-2,Preserved from Nmb_iTM560
uacgam_e,C17H25N3O17P2,-2,Preserved from Nmb_iTM560
uacgam_p,C17H25N3O17P2,-2,Preserved from Nmb_iTM560
uagmda_c,C87H139N7O23P2,-4,Preserved from Nmb_iTM560
uama_c,C23H33N4O20P2,-3,Preserved from Nmb_iTM560
uamag_c,C28H39N5O23P2,-4,Preserved from Nmb_iTM560
uamr_c,C20H28N3O19P2,-3,Preserved from Nmb_iTM560
udcpdp_c,C55H89O7P2,-3,Preserved from Nmb_iTM560
udcpdp_p,C55H89O7P2,-3,Preserved from Nmb_iTM560
udcpp_c,C55H89O4P,-2,Preserved from Nmb_iTM560
udcpp_p,C55H89O4P,-2,Preserved from Nmb_iTM560
udp_c,C9H11N2O12P2,-3,Preserved from Nmb_iTM560
udpacgal_e,C17H25N3O17P2,-2,Preserved from Nmb_iTM560
udpacgal_p,C17H25N3O17P2,-2,Preserved from Nmb_iTM560
udpg_c,C15H22N2O17P2,-2,Preserved from Nmb_iTM560
udpg_e,C15H22N2O17P2,-2,Preserved from Nmb_iTM560
udpg_p,C15H22N2O17P2,-2,Preserved from Nmb_iTM560
udpgal_c,C15H22N2O17P2,-2,Preserved from Nmb_iTM560
udpgal_e,C15H22N2O17P2,-2,Preserved from Nmb_iTM560
udpgal_p,C15H22N2O17P2,-2,Preserved from Nmb_iTM560
udpglcur_e,C15H19N2O18P2,-3,Preserved from Nmb_iTM560
udpglcur_p,C15H19N2O18P2,-3,Preserved from Nmb_iTM560
ugmd_c,C35H51N7O26P2,-4,Preserved from Nmb_iTM560
ugmda_c,C41H61N9O28P2,-4,Preserved from Nmb_iTM560
um4p_c,C38H56N8O27P2,-4,Preserved from Nmb_iTM560
ump_c,C9H11N2O9P,-2,Preserved from Nmb_iTM560
ump_e,C9H11N2O9P,-2,Preserved from Nmb_iTM560
ump_p,C9H11N2O9P,-2,Preserved from Nmb_iTM560
unaga_c,C63H103NO12P2,-2,Preserved from Nmb_iTM560
uppg3_c,C40H36N4O16,-8,Preserved from Nmb_iTM560
ura_c,C4H4N2O2,0,Preserved from Nmb_iTM560
ura_e,C4H4N2O2,0,Preserved from Nmb_iTM560
ura_p,C4H4N2O2,0,Preserved from Nmb_iTM560
urea_c,CH4N2O,0,Preserved from Nmb_iTM560
urea_e,CH4N2O,0,Preserved from Nmb_iTM560
urea_p,CH4N2O,0,Preserved from Nmb_iTM560
uri_c,C9H12N2O6,0,Preserved from Nmb_iTM560
utp_c,C9H11N2O15P3,-4,Preserved from Nmb_iTM560
val_L_c,C5H11NO2,0,Preserved from Nmb_iTM560
val_L_e,C5H11NO2,0,Preserved from Nmb_iTM560
val_L_p,C5H11NO2,0,Preserved from Nmb_iTM560
xan_c,C5H4N4O2,0,Preserved from Nmb_iTM560
xan_e,C5H4N4O2,0,Preserved from Nmb_iTM560
xan_p,C5H4N4O2,0,Preserved from Nmb_iTM560
xmp_c,C10H11N4O9P,-2,Preserved from Nmb_iTM560
xmp_e,C10H11N4O9P,-2,Preserved from Nmb_iTM560
xmp_p,C10H11N4O9P,-2,Preserved from Nmb_iTM560
xtp_c,C10H11N4O15P3,-4,Preserved from Nmb_iTM560
xtsn_c,C10H12N4O6,0,Preserved from Nmb_iTM560
xtsn_e,C10H12N4O6,0,Preserved from Nmb_iTM560
xtsn_p,C10H12N4O6,0,Preserved from Nmb_iTM560
xu5p_D_c,C5H9O8P,-2,Preserved from Nmb_iTM560
xyl_D_e,C5H10O5,0,Preserved from Nmb_iTM560
xyl_D_p,C5H10O5,0,Preserved from Nmb_iTM560
xylu_L_e,C5H10O5,0,Preserved from Nmb_iTM560
xylu_L_p,C5H10O5,0,Preserved from Nmb_iTM560
zn2_c,Zn,2,Preserved from Nmb_iTM560
zn2_e,Zn,2,Preserved from Nmb_iTM560
zn2_p,Zn,2,Preserved from Nmb_iTM560
